Residue,Residue idx,Occupancy,Occupancy_std,Duration,Duration_std,Residence Time,Capped,R squared,Koff,Residence Time_boot,Residence Time_boot_cv,Koff_boot,Koff_boot_cv,R squared_boot,LipidCount,LipidCount_std,Binding site,BS Residence Time,BS koff,BS Duration,BS Occupancy,BS LipidCount,BS R squared,BS Residence Time_boot,BS Residence Time_boot_cv,BS koff_boot,BS koff_boot_cv,BS R squared_boot,BS Surface Area
3ILE,0,0.0,0.0,0.0,0.0,0.0,False,0.0,0.0,0.0,0.0,0.0,0.0,0.0,0.0,0.0,999,0.0,0.0,0.0,0.0,0.0,0.0,0.0,0.0,0.0,0.0,0.0,0.0
4MET,1,0.0,0.0,0.0,0.0,0.0,False,0.0,0.0,0.0,0.0,0.0,0.0,0.0,0.0,0.0,999,0.0,0.0,0.0,0.0,0.0,0.0,0.0,0.0,0.0,0.0,0.0,0.0
5GLY,2,0.0,0.0,0.0,0.0,0.0,False,0.0,0.0,0.0,0.0,0.0,0.0,0.0,0.0,0.0,999,0.0,0.0,0.0,0.0,0.0,0.0,0.0,0.0,0.0,0.0,0.0,0.0
6SER,3,0.0,0.0,0.0,0.0,0.0,False,0.0,0.0,0.0,0.0,0.0,0.0,0.0,0.0,0.0,999,0.0,0.0,0.0,0.0,0.0,0.0,0.0,0.0,0.0,0.0,0.0,0.0
7SER,4,0.0,0.0,0.0,0.0,0.0,False,0.0,0.0,0.0,0.0,0.0,0.0,0.0,0.0,0.0,999,0.0,0.0,0.0,0.0,0.0,0.0,0.0,0.0,0.0,0.0,0.0,0.0
8VAL,5,0.0,0.0,0.0,0.0,0.0,False,0.0,0.0,0.0,0.0,0.0,0.0,0.0,0.0,0.0,999,0.0,0.0,0.0,0.0,0.0,0.0,0.0,0.0,0.0,0.0,0.0,0.0
9TYR,6,0.0,0.0,0.0,0.0,0.0,False,0.0,0.0,0.0,0.0,0.0,0.0,0.0,0.0,0.0,999,0.0,0.0,0.0,0.0,0.0,0.0,0.0,0.0,0.0,0.0,0.0,0.0
10ILE,7,0.0,0.0,0.0,0.0,0.0,False,0.0,0.0,0.0,0.0,0.0,0.0,0.0,0.0,0.0,999,0.0,0.0,0.0,0.0,0.0,0.0,0.0,0.0,0.0,0.0,0.0,0.0
11THR,8,0.0,0.0,0.0,0.0,0.0,False,0.0,0.0,0.0,0.0,0.0,0.0,0.0,0.0,0.0,999,0.0,0.0,0.0,0.0,0.0,0.0,0.0,0.0,0.0,0.0,0.0,0.0
12VAL,9,0.0,0.0,0.0,0.0,0.0,False,0.0,0.0,0.0,0.0,0.0,0.0,0.0,0.0,0.0,999,0.0,0.0,0.0,0.0,0.0,0.0,0.0,0.0,0.0,0.0,0.0,0.0
13GLU,10,0.0,0.0,0.0,0.0,0.0,False,0.0,0.0,0.0,0.0,0.0,0.0,0.0,0.0,0.0,999,0.0,0.0,0.0,0.0,0.0,0.0,0.0,0.0,0.0,0.0,0.0,0.0
14LEU,11,0.0,0.0,0.0,0.0,0.0,False,0.0,0.0,0.0,0.0,0.0,0.0,0.0,0.0,0.0,999,0.0,0.0,0.0,0.0,0.0,0.0,0.0,0.0,0.0,0.0,0.0,0.0
15ALA,12,0.0,0.0,0.0,0.0,0.0,False,0.0,0.0,0.0,0.0,0.0,0.0,0.0,0.0,0.0,999,0.0,0.0,0.0,0.0,0.0,0.0,0.0,0.0,0.0,0.0,0.0,0.0
16ILE,13,0.0,0.0,0.0,0.0,0.0,False,0.0,0.0,0.0,0.0,0.0,0.0,0.0,0.0,0.0,999,0.0,0.0,0.0,0.0,0.0,0.0,0.0,0.0,0.0,0.0,0.0,0.0
17ALA,14,0.0,0.0,0.0,0.0,0.0,False,0.0,0.0,0.0,0.0,0.0,0.0,0.0,0.0,0.0,999,0.0,0.0,0.0,0.0,0.0,0.0,0.0,0.0,0.0,0.0,0.0,0.0
18VAL,15,0.0,0.0,0.0,0.0,0.0,False,0.0,0.0,0.0,0.0,0.0,0.0,0.0,0.0,0.0,999,0.0,0.0,0.0,0.0,0.0,0.0,0.0,0.0,0.0,0.0,0.0,0.0
19LEU,16,0.0,0.0,0.0,0.0,0.0,False,0.0,0.0,0.0,0.0,0.0,0.0,0.0,0.0,0.0,999,0.0,0.0,0.0,0.0,0.0,0.0,0.0,0.0,0.0,0.0,0.0,0.0
20ALA,17,0.0,0.0,0.0,0.0,0.0,False,0.0,0.0,0.0,0.0,0.0,0.0,0.0,0.0,0.0,999,0.0,0.0,0.0,0.0,0.0,0.0,0.0,0.0,0.0,0.0,0.0,0.0
21ILE,18,0.0,0.0,0.0,0.0,0.0,False,0.0,0.0,0.0,0.0,0.0,0.0,0.0,0.0,0.0,999,0.0,0.0,0.0,0.0,0.0,0.0,0.0,0.0,0.0,0.0,0.0,0.0
22LEU,19,0.001777066950997379,0.008239920472251725,0.0,0.0,0.0,False,0.0,0.0,0.0,0.0,0.0,0.0,0.0,0.044444444444444446,0.20608041101101565,999,0.0,0.0,0.0,0.0,0.0,0.0,0.0,0.0,0.0,0.0,0.0,0.0
23GLY,20,0.007108267803989516,0.015286907933791154,0.0,0.0,0.0,False,0.0,0.0,0.0,0.0,0.0,0.0,0.0,0.17777777777777778,0.3823255674241167,999,0.0,0.0,0.0,0.0,0.0,0.0,0.0,0.0,0.0,0.0,0.0,0.0
24ASN,21,0.0,0.0,0.0,0.0,0.0,False,0.0,0.0,0.0,0.0,0.0,0.0,0.0,0.0,0.0,999,0.0,0.0,0.0,0.0,0.0,0.0,0.0,0.0,0.0,0.0,0.0,0.0
25VAL,22,0.18813309709435957,0.08427619998791111,0.0,0.0,0.0,False,0.0,0.0,0.0,0.0,0.0,0.0,0.0,0.9777777777777777,0.14740554623801777,999,0.0,0.0,0.0,0.0,0.0,0.0,0.0,0.0,0.0,0.0,0.0,0.0
26LEU,23,0.4763800993950305,0.1998262013868457,0.0,0.0,0.0,False,0.0,0.0,0.0,0.0,0.0,0.0,0.0,1.0018518518518518,0.012283795519834802,999,0.0,0.0,0.0,0.0,0.0,0.0,0.0,0.0,0.0,0.0,0.0,0.0
27VAL,24,0.004460793315386117,0.012617497525548771,0.0,0.0,0.0,False,0.0,0.0,0.0,0.0,0.0,0.0,0.0,0.1111111111111111,0.3142696805273545,999,0.0,0.0,0.0,0.0,0.0,0.0,0.0,0.0,0.0,0.0,0.0,0.0
28CYS,25,18.294549717172835,2.2894991232900925,0.0017777777777777779,0.009258962958222068,0.04036226113798632,False,0.9927128693677849,24.775618902551162,0.026670443659550812,0.8153664477184469,480.27457117400974,1.1650621540232349,0.9938788023246484,1.0238870376940128,0.009296792897165434,0,0.24152595839564847,4.140341711684175,0.11860465116279072,47.682001590768564,1.1316726417453844,0.9996149096982355,0.17433872321734872,0.3588503130186628,6.214992849779908,0.2299460228925087,0.9989634356562153,0.7849016189575195
29TRP,26,40.91989606079686,4.1869207569561135,0.09139309406361626,0.09633714484588562,0.2063622707420761,False,0.9998854288186508,4.84584704560583,0.2115431027050471,0.49970802272073095,6.0567933042078925,0.4757445522135319,0.9997562402518458,1.2102441884795514,0.039353081901892926,1,0.4575849128049036,2.185386738103319,0.25349349655700076,94.96314806504074,2.731713399291002,0.9771965359899494,8.27441247306418,0.7689801740940955,0.6829214141191364,1.105105857380522,0.9963959626559857,11.494080543518066
30ALA,27,20.903244486692383,2.7875007869890216,0.0,0.0,0.0,False,0.0,0.0,0.0,0.0,0.0,0.0,0.0,1.0351024659128638,0.01332455736948236,999,0.0,0.0,0.0,0.0,0.0,0.0,0.0,0.0,0.0,0.0,0.0,0.0
31VAL,28,46.340100706623375,6.647584589566185,0.108,0.11130033560543452,0.16947983724516402,False,0.9995246256965861,5.900406893555323,0.22008998021627385,0.5058693176234931,5.429279799712367,0.3620999368978345,0.9991349613505331,1.1179573678999097,0.031367894869316654,0,0.24152595839564847,4.140341711684175,0.11860465116279072,47.682001590768564,1.1316726417453844,0.9996149096982355,0.17433872321734872,0.3588503130186628,6.214992849779908,0.2299460228925087,0.9989634356562153,0.7849016189575195
32TRP,29,62.77650869023622,7.127916914194335,0.21227231190983856,0.33864674364650216,3.6744870349135157,False,0.9977375657849096,0.2721468304278658,3.192413304043227,0.6411996217026693,0.7360846586247873,1.005396932502715,0.9980003918902316,1.316693872295271,0.04504014858361346,1,0.4575849128049036,2.185386738103319,0.25349349655700076,94.96314806504074,2.731713399291002,0.9771965359899494,8.27441247306418,0.7689801740940955,0.6829214141191364,1.105105857380522,0.9963959626559857,11.494080543518066
33LEU,30,44.90953099697607,4.6414203974234,0.09327868852459018,0.11262247357142302,0.6459851221259113,False,0.9994448959868184,1.5480232682589343,0.31118632011437397,1.2814882509476615,6.835631323010562,0.5141536709182531,0.996006795368008,1.2117447910769297,0.042219566689163775,1,0.4575849128049036,2.185386738103319,0.25349349655700076,94.96314806504074,2.731713399291002,0.9771965359899494,8.27441247306418,0.7689801740940955,0.6829214141191364,1.105105857380522,0.9963959626559857,11.494080543518066
34ASN,31,43.440875791666194,5.27368251422678,0.07982469512195123,0.10122857978733431,1.4618547207786508,False,0.9993896952402167,0.684062503466387,0.6975989578815742,1.0407307096452172,6.461050355935882,0.81434692763407,0.9988898938965323,1.1944022332856983,0.042950049413040065,1,0.4575849128049036,2.185386738103319,0.25349349655700076,94.96314806504074,2.731713399291002,0.9771965359899494,8.27441247306418,0.7689801740940955,0.6829214141191364,1.105105857380522,0.9963959626559857,11.494080543518066
35SER,32,59.093580574026326,7.432523400536309,0.14512017749291262,0.19745668347701092,1.0638172405775563,False,0.9987928514683185,0.9400110863564222,0.7086042176243912,0.9218916630423338,2.792249977954403,0.6349827301902949,0.998747910488369,1.266998617195325,0.038510286213160196,1,0.4575849128049036,2.185386738103319,0.25349349655700076,94.96314806504074,2.731713399291002,0.9771965359899494,8.27441247306418,0.7689801740940955,0.6829214141191364,1.105105857380522,0.9963959626559857,11.494080543518066
36ASN,33,36.95491638785801,5.921327495163608,0.06495327102803737,0.0790584053802187,0.1838351740571408,False,0.9993830458412033,5.439655414850988,0.1834978077319046,0.1693468432491634,5.706077272308589,0.2698603301859713,0.9990595000929648,1.1036856379564397,0.027340401411917542,1,0.4575849128049036,2.185386738103319,0.25349349655700076,94.96314806504074,2.731713399291002,0.9771965359899494,8.27441247306418,0.7689801740940955,0.6829214141191364,1.105105857380522,0.9963959626559857,11.494080543518066
37LEU,34,37.27179584669147,6.031245374427666,0.0013333333333333333,0.006531972647421809,0.02563443622103879,False,0.9946936923064156,39.010025084120095,0.017467011538226655,0.6879103712187121,379.9081805385652,1.3540375896850696,,1.0798342988201086,0.021582824319406113,0,0.24152595839564847,4.140341711684175,0.11860465116279072,47.682001590768564,1.1316726417453844,0.9996149096982355,0.17433872321734872,0.3588503130186628,6.214992849779908,0.2299460228925087,0.9989634356562153,0.7849016189575195
38GLN,35,67.95137477897912,7.084469063331205,0.21337404047452896,0.3608263626754689,3.617722577874741,False,0.9977281065857073,0.276416993971787,2.3250914518197567,0.7994087281365497,1.1667049178213584,0.8215693641406466,0.9890764530421414,1.3125190987456505,0.041562305240422634,1,0.4575849128049036,2.185386738103319,0.25349349655700076,94.96314806504074,2.731713399291002,0.9771965359899494,8.27441247306418,0.7689801740940955,0.6829214141191364,1.105105857380522,0.9963959626559857,11.494080543518066
39ASN,36,50.68835768652781,7.219642441772289,0.13040540540540543,0.14027195927799072,0.1327052059051255,False,0.9976422140184918,7.535499403956517,0.22880818019411167,0.5764073341291597,5.443312074202336,0.3725459594769782,0.9991131213737996,1.0699680305563934,0.014456738279875612,1,0.4575849128049036,2.185386738103319,0.25349349655700076,94.96314806504074,2.731713399291002,0.9771965359899494,8.27441247306418,0.7689801740940955,0.6829214141191364,1.105105857380522,0.9963959626559857,11.494080543518066
40VAL,37,61.11539082630696,6.585511551534526,0.1319811320754717,0.14074545343587247,0.7384162662985235,False,0.9999638734078413,1.354249690371426,0.7122951015875707,0.45936357808673706,2.123695486917158,0.9547416187888159,0.999595042676846,1.104051479249709,0.01597162917886618,1,0.4575849128049036,2.185386738103319,0.25349349655700076,94.96314806504074,2.731713399291002,0.9771965359899494,8.27441247306418,0.7689801740940955,0.6829214141191364,1.105105857380522,0.9963959626559857,11.494080543518066
41THR,38,8.027939103156507,3.0438428972038127,0.0,0.0,0.0,False,0.0,0.0,0.0,0.0,0.0,0.0,0.0,1.000417410146456,0.0014387670882632713,999,0.0,0.0,0.0,0.0,0.0,0.0,0.0,0.0,0.0,0.0,0.0,0.0
42ASN,39,19.017502750021983,4.916762100513091,0.062111801242236024,0.055977035418741626,0.05165660233127356,False,0.9985987044139937,19.358609642713326,0.17642109894047764,0.4935327917352439,8.835676375298357,0.7548142205822289,0.9992188486819418,1.0103030275991258,0.005486857224407199,1,0.4575849128049036,2.185386738103319,0.25349349655700076,94.96314806504074,2.731713399291002,0.9771965359899494,8.27441247306418,0.7689801740940955,0.6829214141191364,1.105105857380522,0.9963959626559857,11.494080543518066
43TYR,40,72.37544856938226,6.699547657499625,0.22869932696822665,0.43630143675774635,0.3924996378114077,False,0.9744243654713461,2.547773051654357,2.984102807107888,1.0619152749435872,1.3411646046557333,0.8167442101901459,0.9835545747312752,1.2782363039284383,0.032424631935262634,1,0.4575849128049036,2.185386738103319,0.25349349655700076,94.96314806504074,2.731713399291002,0.9771965359899494,8.27441247306418,0.7689801740940955,0.6829214141191364,1.105105857380522,0.9963959626559857,11.494080543518066
44PHE,41,3.895849158409985,1.3686159905407176,0.0,0.0,0.0,False,0.0,0.0,0.0,0.0,0.0,0.0,0.0,1.0,0.0,999,0.0,0.0,0.0,0.0,0.0,0.0,0.0,0.0,0.0,0.0,0.0,0.0
45VAL,42,0.6846590889008194,0.3233271516231128,0.0,0.0,0.0,False,0.0,0.0,0.0,0.0,0.0,0.0,0.0,1.0,0.0,999,0.0,0.0,0.0,0.0,0.0,0.0,0.0,0.0,0.0,0.0,0.0,0.0
46VAL,43,32.122008080579356,7.397098460626307,0.004347826086956522,0.018609508312202344,0.06971233354958022,False,0.9877981520920873,14.344663979563794,0.06254509883217788,0.34213823340398464,129.6274232902102,2.663913276236565,,1.0069536826494874,0.0032344144374885876,999,0.0,0.0,0.0,0.0,0.0,0.0,0.0,0.0,0.0,0.0,0.0,0.0
47SER,44,1.5859749758014197,0.46780422257778614,0.0,0.0,0.0,False,0.0,0.0,0.0,0.0,0.0,0.0,0.0,1.0,0.0,999,0.0,0.0,0.0,0.0,0.0,0.0,0.0,0.0,0.0,0.0,0.0,0.0
48LEU,45,0.0,0.0,0.0,0.0,0.0,False,0.0,0.0,0.0,0.0,0.0,0.0,0.0,0.0,0.0,999,0.0,0.0,0.0,0.0,0.0,0.0,0.0,0.0,0.0,0.0,0.0,0.0
49ALA,46,0.0,0.0,0.0,0.0,0.0,False,0.0,0.0,0.0,0.0,0.0,0.0,0.0,0.0,0.0,999,0.0,0.0,0.0,0.0,0.0,0.0,0.0,0.0,0.0,0.0,0.0,0.0
50ALA,47,0.04196045866525778,0.04063254956049842,0.0,0.0,0.0,False,0.0,0.0,0.0,0.0,0.0,0.0,0.0,0.6888888888888889,0.46294814791110356,999,0.0,0.0,0.0,0.0,0.0,0.0,0.0,0.0,0.0,0.0,0.0,0.0
51ALA,48,0.0,0.0,0.0,0.0,0.0,False,0.0,0.0,0.0,0.0,0.0,0.0,0.0,0.0,0.0,999,0.0,0.0,0.0,0.0,0.0,0.0,0.0,0.0,0.0,0.0,0.0,0.0
52ASP,49,0.0,0.0,0.0,0.0,0.0,False,0.0,0.0,0.0,0.0,0.0,0.0,0.0,0.0,0.0,999,0.0,0.0,0.0,0.0,0.0,0.0,0.0,0.0,0.0,0.0,0.0,0.0
53ILE,50,0.0,0.0,0.0,0.0,0.0,False,0.0,0.0,0.0,0.0,0.0,0.0,0.0,0.0,0.0,999,0.0,0.0,0.0,0.0,0.0,0.0,0.0,0.0,0.0,0.0,0.0,0.0
54ALA,51,0.0,0.0,0.0,0.0,0.0,False,0.0,0.0,0.0,0.0,0.0,0.0,0.0,0.0,0.0,999,0.0,0.0,0.0,0.0,0.0,0.0,0.0,0.0,0.0,0.0,0.0,0.0
55VAL,52,0.0,0.0,0.0,0.0,0.0,False,0.0,0.0,0.0,0.0,0.0,0.0,0.0,0.0,0.0,999,0.0,0.0,0.0,0.0,0.0,0.0,0.0,0.0,0.0,0.0,0.0,0.0
56GLY,53,0.0,0.0,0.0,0.0,0.0,False,0.0,0.0,0.0,0.0,0.0,0.0,0.0,0.0,0.0,999,0.0,0.0,0.0,0.0,0.0,0.0,0.0,0.0,0.0,0.0,0.0,0.0
57VAL,54,0.0,0.0,0.0,0.0,0.0,False,0.0,0.0,0.0,0.0,0.0,0.0,0.0,0.0,0.0,999,0.0,0.0,0.0,0.0,0.0,0.0,0.0,0.0,0.0,0.0,0.0,0.0
58LEU,55,0.0,0.0,0.0,0.0,0.0,False,0.0,0.0,0.0,0.0,0.0,0.0,0.0,0.0,0.0,999,0.0,0.0,0.0,0.0,0.0,0.0,0.0,0.0,0.0,0.0,0.0,0.0
59ALA,56,0.0,0.0,0.0,0.0,0.0,False,0.0,0.0,0.0,0.0,0.0,0.0,0.0,0.0,0.0,999,0.0,0.0,0.0,0.0,0.0,0.0,0.0,0.0,0.0,0.0,0.0,0.0
60ILE,57,0.0,0.0,0.0,0.0,0.0,False,0.0,0.0,0.0,0.0,0.0,0.0,0.0,0.0,0.0,999,0.0,0.0,0.0,0.0,0.0,0.0,0.0,0.0,0.0,0.0,0.0,0.0
61PRO,58,0.0,0.0,0.0,0.0,0.0,False,0.0,0.0,0.0,0.0,0.0,0.0,0.0,0.0,0.0,999,0.0,0.0,0.0,0.0,0.0,0.0,0.0,0.0,0.0,0.0,0.0,0.0
62PHE,59,0.0,0.0,0.0,0.0,0.0,False,0.0,0.0,0.0,0.0,0.0,0.0,0.0,0.0,0.0,999,0.0,0.0,0.0,0.0,0.0,0.0,0.0,0.0,0.0,0.0,0.0,0.0
63ALA,60,0.0,0.0,0.0,0.0,0.0,False,0.0,0.0,0.0,0.0,0.0,0.0,0.0,0.0,0.0,999,0.0,0.0,0.0,0.0,0.0,0.0,0.0,0.0,0.0,0.0,0.0,0.0
64ILE,61,0.0,0.0,0.0,0.0,0.0,False,0.0,0.0,0.0,0.0,0.0,0.0,0.0,0.0,0.0,999,0.0,0.0,0.0,0.0,0.0,0.0,0.0,0.0,0.0,0.0,0.0,0.0
65THR,62,0.0,0.0,0.0,0.0,0.0,False,0.0,0.0,0.0,0.0,0.0,0.0,0.0,0.0,0.0,999,0.0,0.0,0.0,0.0,0.0,0.0,0.0,0.0,0.0,0.0,0.0,0.0
66ILE,63,0.0,0.0,0.0,0.0,0.0,False,0.0,0.0,0.0,0.0,0.0,0.0,0.0,0.0,0.0,999,0.0,0.0,0.0,0.0,0.0,0.0,0.0,0.0,0.0,0.0,0.0,0.0
67SER,64,0.0,0.0,0.0,0.0,0.0,False,0.0,0.0,0.0,0.0,0.0,0.0,0.0,0.0,0.0,999,0.0,0.0,0.0,0.0,0.0,0.0,0.0,0.0,0.0,0.0,0.0,0.0
68THR,65,0.0,0.0,0.0,0.0,0.0,False,0.0,0.0,0.0,0.0,0.0,0.0,0.0,0.0,0.0,999,0.0,0.0,0.0,0.0,0.0,0.0,0.0,0.0,0.0,0.0,0.0,0.0
69GLY,66,0.0,0.0,0.0,0.0,0.0,False,0.0,0.0,0.0,0.0,0.0,0.0,0.0,0.0,0.0,999,0.0,0.0,0.0,0.0,0.0,0.0,0.0,0.0,0.0,0.0,0.0,0.0
70PHE,67,0.0,0.0,0.0,0.0,0.0,False,0.0,0.0,0.0,0.0,0.0,0.0,0.0,0.0,0.0,999,0.0,0.0,0.0,0.0,0.0,0.0,0.0,0.0,0.0,0.0,0.0,0.0
71CYS,68,0.0,0.0,0.0,0.0,0.0,False,0.0,0.0,0.0,0.0,0.0,0.0,0.0,0.0,0.0,999,0.0,0.0,0.0,0.0,0.0,0.0,0.0,0.0,0.0,0.0,0.0,0.0
72ALA,69,0.0,0.0,0.0,0.0,0.0,False,0.0,0.0,0.0,0.0,0.0,0.0,0.0,0.0,0.0,999,0.0,0.0,0.0,0.0,0.0,0.0,0.0,0.0,0.0,0.0,0.0,0.0
73ALA,70,0.0,0.0,0.0,0.0,0.0,False,0.0,0.0,0.0,0.0,0.0,0.0,0.0,0.0,0.0,999,0.0,0.0,0.0,0.0,0.0,0.0,0.0,0.0,0.0,0.0,0.0,0.0
74CYS,71,0.0,0.0,0.0,0.0,0.0,False,0.0,0.0,0.0,0.0,0.0,0.0,0.0,0.0,0.0,999,0.0,0.0,0.0,0.0,0.0,0.0,0.0,0.0,0.0,0.0,0.0,0.0
75HIS,72,0.0,0.0,0.0,0.0,0.0,False,0.0,0.0,0.0,0.0,0.0,0.0,0.0,0.0,0.0,999,0.0,0.0,0.0,0.0,0.0,0.0,0.0,0.0,0.0,0.0,0.0,0.0
76GLY,73,0.0,0.0,0.0,0.0,0.0,False,0.0,0.0,0.0,0.0,0.0,0.0,0.0,0.0,0.0,999,0.0,0.0,0.0,0.0,0.0,0.0,0.0,0.0,0.0,0.0,0.0,0.0
77CYS,74,0.0,0.0,0.0,0.0,0.0,False,0.0,0.0,0.0,0.0,0.0,0.0,0.0,0.0,0.0,999,0.0,0.0,0.0,0.0,0.0,0.0,0.0,0.0,0.0,0.0,0.0,0.0
78LEU,75,0.0,0.0,0.0,0.0,0.0,False,0.0,0.0,0.0,0.0,0.0,0.0,0.0,0.0,0.0,999,0.0,0.0,0.0,0.0,0.0,0.0,0.0,0.0,0.0,0.0,0.0,0.0
79PHE,76,0.0,0.0,0.0,0.0,0.0,False,0.0,0.0,0.0,0.0,0.0,0.0,0.0,0.0,0.0,999,0.0,0.0,0.0,0.0,0.0,0.0,0.0,0.0,0.0,0.0,0.0,0.0
80ILE,77,0.0,0.0,0.0,0.0,0.0,False,0.0,0.0,0.0,0.0,0.0,0.0,0.0,0.0,0.0,999,0.0,0.0,0.0,0.0,0.0,0.0,0.0,0.0,0.0,0.0,0.0,0.0
81ALA,78,0.0,0.0,0.0,0.0,0.0,False,0.0,0.0,0.0,0.0,0.0,0.0,0.0,0.0,0.0,999,0.0,0.0,0.0,0.0,0.0,0.0,0.0,0.0,0.0,0.0,0.0,0.0
82CYS,79,0.0,0.0,0.0,0.0,0.0,False,0.0,0.0,0.0,0.0,0.0,0.0,0.0,0.0,0.0,999,0.0,0.0,0.0,0.0,0.0,0.0,0.0,0.0,0.0,0.0,0.0,0.0
83PHE,80,0.0,0.0,0.0,0.0,0.0,False,0.0,0.0,0.0,0.0,0.0,0.0,0.0,0.0,0.0,999,0.0,0.0,0.0,0.0,0.0,0.0,0.0,0.0,0.0,0.0,0.0,0.0
84VAL,81,0.0,0.0,0.0,0.0,0.0,False,0.0,0.0,0.0,0.0,0.0,0.0,0.0,0.0,0.0,999,0.0,0.0,0.0,0.0,0.0,0.0,0.0,0.0,0.0,0.0,0.0,0.0
85LEU,82,0.0,0.0,0.0,0.0,0.0,False,0.0,0.0,0.0,0.0,0.0,0.0,0.0,0.0,0.0,999,0.0,0.0,0.0,0.0,0.0,0.0,0.0,0.0,0.0,0.0,0.0,0.0
86VAL,83,0.0,0.0,0.0,0.0,0.0,False,0.0,0.0,0.0,0.0,0.0,0.0,0.0,0.0,0.0,999,0.0,0.0,0.0,0.0,0.0,0.0,0.0,0.0,0.0,0.0,0.0,0.0
87LEU,84,0.0,0.0,0.0,0.0,0.0,False,0.0,0.0,0.0,0.0,0.0,0.0,0.0,0.0,0.0,999,0.0,0.0,0.0,0.0,0.0,0.0,0.0,0.0,0.0,0.0,0.0,0.0
88THR,85,0.0,0.0,0.0,0.0,0.0,False,0.0,0.0,0.0,0.0,0.0,0.0,0.0,0.0,0.0,999,0.0,0.0,0.0,0.0,0.0,0.0,0.0,0.0,0.0,0.0,0.0,0.0
89GLN,86,0.0,0.0,0.0,0.0,0.0,False,0.0,0.0,0.0,0.0,0.0,0.0,0.0,0.0,0.0,999,0.0,0.0,0.0,0.0,0.0,0.0,0.0,0.0,0.0,0.0,0.0,0.0
90SER,87,0.0,0.0,0.0,0.0,0.0,False,0.0,0.0,0.0,0.0,0.0,0.0,0.0,0.0,0.0,999,0.0,0.0,0.0,0.0,0.0,0.0,0.0,0.0,0.0,0.0,0.0,0.0
91SER,88,0.0,0.0,0.0,0.0,0.0,False,0.0,0.0,0.0,0.0,0.0,0.0,0.0,0.0,0.0,999,0.0,0.0,0.0,0.0,0.0,0.0,0.0,0.0,0.0,0.0,0.0,0.0
92ILE,89,0.0,0.0,0.0,0.0,0.0,False,0.0,0.0,0.0,0.0,0.0,0.0,0.0,0.0,0.0,999,0.0,0.0,0.0,0.0,0.0,0.0,0.0,0.0,0.0,0.0,0.0,0.0
93PHE,90,0.0,0.0,0.0,0.0,0.0,False,0.0,0.0,0.0,0.0,0.0,0.0,0.0,0.0,0.0,999,0.0,0.0,0.0,0.0,0.0,0.0,0.0,0.0,0.0,0.0,0.0,0.0
94SER,91,0.0,0.0,0.0,0.0,0.0,False,0.0,0.0,0.0,0.0,0.0,0.0,0.0,0.0,0.0,999,0.0,0.0,0.0,0.0,0.0,0.0,0.0,0.0,0.0,0.0,0.0,0.0
95LEU,92,0.0,0.0,0.0,0.0,0.0,False,0.0,0.0,0.0,0.0,0.0,0.0,0.0,0.0,0.0,999,0.0,0.0,0.0,0.0,0.0,0.0,0.0,0.0,0.0,0.0,0.0,0.0
96LEU,93,0.0,0.0,0.0,0.0,0.0,False,0.0,0.0,0.0,0.0,0.0,0.0,0.0,0.0,0.0,999,0.0,0.0,0.0,0.0,0.0,0.0,0.0,0.0,0.0,0.0,0.0,0.0
97ALA,94,0.0,0.0,0.0,0.0,0.0,False,0.0,0.0,0.0,0.0,0.0,0.0,0.0,0.0,0.0,999,0.0,0.0,0.0,0.0,0.0,0.0,0.0,0.0,0.0,0.0,0.0,0.0
98ILE,95,0.0,0.0,0.0,0.0,0.0,False,0.0,0.0,0.0,0.0,0.0,0.0,0.0,0.0,0.0,999,0.0,0.0,0.0,0.0,0.0,0.0,0.0,0.0,0.0,0.0,0.0,0.0
99ALA,96,0.0,0.0,0.0,0.0,0.0,False,0.0,0.0,0.0,0.0,0.0,0.0,0.0,0.0,0.0,999,0.0,0.0,0.0,0.0,0.0,0.0,0.0,0.0,0.0,0.0,0.0,0.0
100ILE,97,0.32362520787958443,0.2258287774092168,0.0,0.0,0.0,False,0.0,0.0,0.0,0.0,0.0,0.0,0.0,0.9842424242424243,0.15181062099360718,999,0.0,0.0,0.0,0.0,0.0,0.0,0.0,0.0,0.0,0.0,0.0,0.0
101ASP,98,0.1115923366362236,0.084138091113191,0.0,0.0,0.0,False,0.0,0.0,0.0,0.0,0.0,0.0,0.0,0.9555555555555556,0.20608041101101562,999,0.0,0.0,0.0,0.0,0.0,0.0,0.0,0.0,0.0,0.0,0.0,0.0
102ARG,99,2.458605478430596,1.722000827499427,0.0008888888888888889,0.005896221849520712,0.03339332744196284,False,0.9763869796564887,29.946102308552113,0.023632714052291438,0.6308874721766146,370.63321175314866,1.404105566561571,,1.0,0.0,999,0.0,0.0,0.0,0.0,0.0,0.0,0.0,0.0,0.0,0.0,0.0,0.0
103TYR,100,96.1090633332777,1.0542973311753228,0.36371239356669827,0.6066343340891485,2.537520233579342,False,0.9990167695959853,0.39408552758195475,2.3982301985414556,0.6686709015018671,0.6332546086346202,0.6365147498111652,0.997166471224047,1.3630512013887854,0.1221345838346935,2,1.4952728545324856,0.668774262148069,0.33411922637100383,99.99200319872052,3.812045619125075,0.9227771980538693,8.035560873112567,0.34610029416158544,0.1742078822549071,0.9518430875707045,0.9877272174805066,7.717250823974609
104ILE,101,36.303479968001916,7.847751537754425,0.05294117647058823,0.059714816292863425,0.10459922921904906,False,0.9994227617740059,9.560299893853188,0.11855582500684059,0.7765263095568986,10.803242010999092,0.32795204306681486,0.9983562771045035,1.160088752142556,0.05247970013239115,3,4.621453958382414,0.21638211891869993,0.23829958677685947,97.38432493179798,1.9451575619798283,0.9937218705959353,3.161849035568917,0.6017044021688495,0.5277462494755523,0.9008821768789712,0.9855951883471399,4.115687370300293
105ALA,102,6.195154106633334,2.32106876188321,0.0,0.0,0.0,False,0.0,0.0,0.0,0.0,0.0,0.0,0.0,1.0083746339411783,0.0072585126851877815,999,0.0,0.0,0.0,0.0,0.0,0.0,0.0,0.0,0.0,0.0,0.0,0.0
106ILE,103,55.897222959494755,3.792962704358912,0.013478260869565217,0.03490467710682835,0.07643045411841207,False,0.9990672880100838,13.083789852284816,0.07569432890025404,0.39316753950280037,15.954348646285458,0.486614453620964,0.9948619651041388,1.0640458759602394,0.030176857314893397,3,4.621453958382414,0.21638211891869993,0.23829958677685947,97.38432493179798,1.9451575619798283,0.9937218705959353,3.161849035568917,0.6017044021688495,0.5277462494755523,0.9008821768789712,0.9855951883471399,4.115687370300293
107ARG,104,99.04785608309828,0.5129515409834923,0.3633707116687021,1.0906211219184903,10.306926698989558,False,0.9969796873754004,0.09702213173768232,11.161569102791066,0.15306205399038633,0.09223356016406735,0.19026016568995552,0.9958632618358834,1.634700995737746,0.16733571263840855,2,1.4952728545324856,0.668774262148069,0.33411922637100383,99.99200319872052,3.812045619125075,0.9227771980538693,8.035560873112567,0.34610029416158544,0.1742078822549071,0.9518430875707045,0.9877272174805066,7.717250823974609
108ILE,105,81.95589201646509,5.394394258238857,0.16556907894736844,0.40410374982525943,2.424593485488467,False,0.9959897455489859,0.4124402733840294,1.7162864110021012,0.679532916220123,1.185996821426054,0.9041255206744108,0.9746887917345781,1.5079595960071976,0.1525077839199468,3,4.621453958382414,0.21638211891869993,0.23829958677685947,97.38432493179798,1.9451575619798283,0.9937218705959353,3.161849035568917,0.6017044021688495,0.5277462494755523,0.9008821768789712,0.9855951883471399,4.115687370300293
109PRO,106,37.650639911767286,10.068736379707978,0.11112727272727274,0.25104835134042164,0.4480813085780975,False,0.9687905866589638,2.231737813776061,0.5923850603071006,0.33164002957229244,1.9124970039178024,0.3682511588973323,0.9821318874197061,1.0643360462171987,0.022956948492746963,3,4.621453958382414,0.21638211891869993,0.23829958677685947,97.38432493179798,1.9451575619798283,0.9937218705959353,3.161849035568917,0.6017044021688495,0.5277462494755523,0.9008821768789712,0.9855951883471399,4.115687370300293
110LEU,107,62.78886079187257,9.46434409986919,0.10232716927453771,0.16386005526464542,0.5661743661497817,False,0.9995493035761205,1.7662403312258923,0.5553769718349113,0.2136351520298408,1.8886668005846432,0.22220879519914366,0.9994929109928987,1.3593015077123274,0.10119718669121845,3,4.621453958382414,0.21638211891869993,0.23829958677685947,97.38432493179798,1.9451575619798283,0.9937218705959353,3.161849035568917,0.6017044021688495,0.5277462494755523,0.9008821768789712,0.9855951883471399,4.115687370300293
111ARG,108,83.61557938137588,5.628081970492835,0.14122283363904176,0.29641816101165247,0.3722062343991412,False,0.9614896767992116,2.686682563537166,0.9954150424453859,0.38286788152433215,1.2784458907926677,0.597530142033119,0.9899040619175166,1.7144932073935988,0.20626967253518289,4,0.5170208344671341,1.9341580325880812,0.2319376593469858,96.97908188825653,3.02578575038161,0.9740177550080849,1.7957494496719328,0.5195926403005415,0.8059312392616468,0.7272643196679818,0.9940649411967962,7.295877933502197
112TYR,109,60.303110633891414,6.00398924391186,0.047973856209150324,0.05388634222689181,0.047234986186784705,False,0.9902987623699946,21.170748225597613,0.1429822288680397,0.37864917281607646,9.730163671746906,0.7670535143237486,0.9990886273181967,1.3414121050812846,0.06425938963120871,1,0.4575849128049036,2.185386738103319,0.25349349655700076,94.96314806504074,2.731713399291002,0.9771965359899494,8.27441247306418,0.7689801740940955,0.6829214141191364,1.105105857380522,0.9963959626559857,11.494080543518066
113ASN,110,83.65175549074083,4.773692403618619,0.14387782928824652,0.23215431313469387,0.8148824721951268,False,0.9992218936746823,1.227170830299251,0.6623375855654123,0.5060395910252841,2.190254189229026,0.6626600428674775,0.9944706378416294,1.6038612801847965,0.08226602099030729,4,0.5170208344671341,1.9341580325880812,0.2319376593469858,96.97908188825653,3.02578575038161,0.9740177550080849,1.7957494496719328,0.5195926403005415,0.8059312392616468,0.7272643196679818,0.9940649411967962,7.295877933502197
114GLY,111,87.10627721349016,4.535185004828547,0.20122495274102078,0.35897871895532324,1.5006258950557196,False,0.9986262164568862,0.6663886071104145,1.5456879260126233,0.33815657240829783,0.8331543512296399,0.7669951190222919,0.9970312431298962,1.679345828607483,0.13374260887418674,4,0.5170208344671341,1.9341580325880812,0.2319376593469858,96.97908188825653,3.02578575038161,0.9740177550080849,1.7957494496719328,0.5195926403005415,0.8059312392616468,0.7272643196679818,0.9940649411967962,7.295877933502197
115LEU,112,82.60996032250321,5.1349761006920644,0.2468834688346884,0.42068893035399035,1.7526860623894074,False,0.9991116851113117,0.5705528339951063,1.3734990617971845,0.5351451963025573,1.1219395786103945,0.7098855277980215,0.9917410776443253,1.5623704171086779,0.1389596136626709,4,0.5170208344671341,1.9341580325880812,0.2319376593469858,96.97908188825653,3.02578575038161,0.9740177550080849,1.7957494496719328,0.5195926403005415,0.8059312392616468,0.7272643196679818,0.9940649411967962,7.295877933502197
116VAL,113,79.81103057213126,5.3028817656750755,0.22366726296958858,0.2914680690247628,1.1111426183919295,False,0.9998814152928766,0.8999744798262013,0.9699908284038081,0.4134488933437091,1.287120728901971,0.5470050984866255,0.9971820238606446,1.4001224805149208,0.06698559428294718,4,0.5170208344671341,1.9341580325880812,0.2319376593469858,96.97908188825653,3.02578575038161,0.9740177550080849,1.7957494496719328,0.5195926403005415,0.8059312392616468,0.7272643196679818,0.9940649411967962,7.295877933502197
117THR,114,90.70659056745407,3.6605245744821286,0.20691584427694462,0.3040857440010406,1.9096481367197995,False,0.9989626628730442,0.5236566783018461,2.470126224478431,0.7449815249434628,0.8918194048011194,1.1166003631294643,0.9977158572681077,1.927414754628568,0.13174739234551333,4,0.5170208344671341,1.9341580325880812,0.2319376593469858,96.97908188825653,3.02578575038161,0.9740177550080849,1.7957494496719328,0.5195926403005415,0.8059312392616468,0.7272643196679818,0.9940649411967962,7.295877933502197
118GLY,115,86.99276171484351,4.2270087525778886,0.24491422121896164,0.35351010515665576,0.3081931144026816,False,0.9892452435795377,3.2447188248774808,3.2243980274541797,0.4370739354942207,0.6336888120789024,1.4518029639429098,0.9984254603513785,1.724355964635538,0.10134205251610376,1,0.4575849128049036,2.185386738103319,0.25349349655700076,94.96314806504074,2.731713399291002,0.9771965359899494,8.27441247306418,0.7689801740940955,0.6829214141191364,1.105105857380522,0.9963959626559857,11.494080543518066
119THR,116,90.12674108923002,3.6280047599269682,0.22077786405025765,0.32564832120792314,3.429473829032668,False,0.9992420626599654,0.2915899201604534,2.2699926544793425,0.6508447826489082,0.9858277201884373,1.031395922650802,0.9988997355680753,1.9444441592829091,0.14584052538916803,4,0.5170208344671341,1.9341580325880812,0.2319376593469858,96.97908188825653,3.02578575038161,0.9740177550080849,1.7957494496719328,0.5195926403005415,0.8059312392616468,0.7272643196679818,0.9940649411967962,7.295877933502197
120ARG,117,91.28052772725626,3.5514850622548626,0.24238417490890163,0.38388672337909086,2.3952624122041675,False,0.9989037392854194,0.41749079136585304,1.8027540244837226,0.5316338633610166,0.8007900389478998,0.6861103798297246,0.9883105428523372,2.042561338476934,0.16475187358847232,4,0.5170208344671341,1.9341580325880812,0.2319376593469858,96.97908188825653,3.02578575038161,0.9740177550080849,1.7957494496719328,0.5195926403005415,0.8059312392616468,0.7272643196679818,0.9940649411967962,7.295877933502197
121ALA,118,74.34017516797626,5.127431704568424,0.03916666666666666,0.08356218575940248,0.11155742373436084,False,0.9963327357799906,8.963993309680472,0.2758816733112743,1.4253571978869601,7.364964307580365,0.5190489609219777,0.9962973374677377,1.3565890456120855,0.05219880538189632,1,0.4575849128049036,2.185386738103319,0.25349349655700076,94.96314806504074,2.731713399291002,0.9771965359899494,8.27441247306418,0.7689801740940955,0.6829214141191364,1.105105857380522,0.9963959626559857,11.494080543518066
122LYS,119,82.93866188054903,4.868203283956277,0.2301445895522388,0.4105611122050594,4.57326152754958,False,0.9970477699139777,0.21866232533957328,3.380183616910044,1.0631035338757386,1.3267480895546637,0.754662279021186,0.9904787578276488,1.6318723582477617,0.11414601744513903,1,0.4575849128049036,2.185386738103319,0.25349349655700076,94.96314806504074,2.731713399291002,0.9771965359899494,8.27441247306418,0.7689801740940955,0.6829214141191364,1.105105857380522,0.9963959626559857,11.494080543518066
123GLY,120,49.80814945430323,7.281721163783282,0.0816764459346186,0.10249464691981595,0.1930728341616748,False,0.9999198409165885,5.179392555881905,0.16866702103603942,0.22162278102035604,6.321602617763223,0.2934150676797817,0.9994195683717141,1.1169952309596176,0.034679221625076126,4,0.5170208344671341,1.9341580325880812,0.2319376593469858,96.97908188825653,3.02578575038161,0.9740177550080849,1.7957494496719328,0.5195926403005415,0.8059312392616468,0.7272643196679818,0.9940649411967962,7.295877933502197
124ILE,121,12.854447141765261,4.476259053809312,0.0,0.0,0.0,False,0.0,0.0,0.0,0.0,0.0,0.0,0.0,1.0305999208770218,0.019203894754335343,999,0.0,0.0,0.0,0.0,0.0,0.0,0.0,0.0,0.0,0.0,0.0,0.0
125ILE,122,1.8053695154605098,0.9305022190604995,0.0,0.0,0.0,False,0.0,0.0,0.0,0.0,0.0,0.0,0.0,1.0113989837226864,0.020313436425108133,999,0.0,0.0,0.0,0.0,0.0,0.0,0.0,0.0,0.0,0.0,0.0,0.0
126ALA,123,2.0488458136850434,1.627014185991342,0.00044444444444444447,0.0029481109247603563,0.0008579494763914949,False,1.0,1165.569800457207,0.0008579494763914948,1.2637133098391998e-16,1165.5698004572073,1.950751257917306e-16,,0.9821016569948895,0.14830441465234015,999,0.0,0.0,0.0,0.0,0.0,0.0,0.0,0.0,0.0,0.0,0.0,0.0
127ILE,124,1.1322258349029033,1.1154395267913269,0.0,0.0,0.0,False,0.0,0.0,0.0,0.0,0.0,0.0,0.0,0.9844428373972182,0.14961082055988686,999,0.0,0.0,0.0,0.0,0.0,0.0,0.0,0.0,0.0,0.0,0.0,0.0
128CYS,125,0.0,0.0,0.0,0.0,0.0,False,0.0,0.0,0.0,0.0,0.0,0.0,0.0,0.0,0.0,999,0.0,0.0,0.0,0.0,0.0,0.0,0.0,0.0,0.0,0.0,0.0,0.0
129TRP,126,0.013400505884051022,0.022455011847134918,0.0,0.0,0.0,False,0.0,0.0,0.0,0.0,0.0,0.0,0.0,0.28888888888888886,0.4532461789860253,999,0.0,0.0,0.0,0.0,0.0,0.0,0.0,0.0,0.0,0.0,0.0,0.0
130VAL,127,0.0027018523022814085,0.01327376189502231,0.0,0.0,0.0,False,0.0,0.0,0.0,0.0,0.0,0.0,0.0,0.044444444444444446,0.20608041101101565,999,0.0,0.0,0.0,0.0,0.0,0.0,0.0,0.0,0.0,0.0,0.0,0.0
131LEU,128,0.0,0.0,0.0,0.0,0.0,False,0.0,0.0,0.0,0.0,0.0,0.0,0.0,0.0,0.0,999,0.0,0.0,0.0,0.0,0.0,0.0,0.0,0.0,0.0,0.0,0.0,0.0
132SER,129,0.0,0.0,0.0,0.0,0.0,False,0.0,0.0,0.0,0.0,0.0,0.0,0.0,0.0,0.0,999,0.0,0.0,0.0,0.0,0.0,0.0,0.0,0.0,0.0,0.0,0.0,0.0
133PHE,130,0.0,0.0,0.0,0.0,0.0,False,0.0,0.0,0.0,0.0,0.0,0.0,0.0,0.0,0.0,999,0.0,0.0,0.0,0.0,0.0,0.0,0.0,0.0,0.0,0.0,0.0,0.0
134ALA,131,0.0,0.0,0.0,0.0,0.0,False,0.0,0.0,0.0,0.0,0.0,0.0,0.0,0.0,0.0,999,0.0,0.0,0.0,0.0,0.0,0.0,0.0,0.0,0.0,0.0,0.0,0.0
135ILE,132,0.0,0.0,0.0,0.0,0.0,False,0.0,0.0,0.0,0.0,0.0,0.0,0.0,0.0,0.0,999,0.0,0.0,0.0,0.0,0.0,0.0,0.0,0.0,0.0,0.0,0.0,0.0
136GLY,133,0.0,0.0,0.0,0.0,0.0,False,0.0,0.0,0.0,0.0,0.0,0.0,0.0,0.0,0.0,999,0.0,0.0,0.0,0.0,0.0,0.0,0.0,0.0,0.0,0.0,0.0,0.0
137LEU,134,0.0,0.0,0.0,0.0,0.0,False,0.0,0.0,0.0,0.0,0.0,0.0,0.0,0.0,0.0,999,0.0,0.0,0.0,0.0,0.0,0.0,0.0,0.0,0.0,0.0,0.0,0.0
138THR,135,0.0,0.0,0.0,0.0,0.0,False,0.0,0.0,0.0,0.0,0.0,0.0,0.0,0.0,0.0,999,0.0,0.0,0.0,0.0,0.0,0.0,0.0,0.0,0.0,0.0,0.0,0.0
139PRO,136,0.0,0.0,0.0,0.0,0.0,False,0.0,0.0,0.0,0.0,0.0,0.0,0.0,0.0,0.0,999,0.0,0.0,0.0,0.0,0.0,0.0,0.0,0.0,0.0,0.0,0.0,0.0
140MET,137,0.0,0.0,0.0,0.0,0.0,False,0.0,0.0,0.0,0.0,0.0,0.0,0.0,0.0,0.0,999,0.0,0.0,0.0,0.0,0.0,0.0,0.0,0.0,0.0,0.0,0.0,0.0
141LEU,138,0.0,0.0,0.0,0.0,0.0,False,0.0,0.0,0.0,0.0,0.0,0.0,0.0,0.0,0.0,999,0.0,0.0,0.0,0.0,0.0,0.0,0.0,0.0,0.0,0.0,0.0,0.0
142GLY,139,0.0,0.0,0.0,0.0,0.0,False,0.0,0.0,0.0,0.0,0.0,0.0,0.0,0.0,0.0,999,0.0,0.0,0.0,0.0,0.0,0.0,0.0,0.0,0.0,0.0,0.0,0.0
143TRP,140,0.0,0.0,0.0,0.0,0.0,False,0.0,0.0,0.0,0.0,0.0,0.0,0.0,0.0,0.0,999,0.0,0.0,0.0,0.0,0.0,0.0,0.0,0.0,0.0,0.0,0.0,0.0
144ASN,141,0.0,0.0,0.0,0.0,0.0,False,0.0,0.0,0.0,0.0,0.0,0.0,0.0,0.0,0.0,999,0.0,0.0,0.0,0.0,0.0,0.0,0.0,0.0,0.0,0.0,0.0,0.0
145ASN,142,0.0,0.0,0.0,0.0,0.0,False,0.0,0.0,0.0,0.0,0.0,0.0,0.0,0.0,0.0,999,0.0,0.0,0.0,0.0,0.0,0.0,0.0,0.0,0.0,0.0,0.0,0.0
146CYS,143,0.0,0.0,0.0,0.0,0.0,False,0.0,0.0,0.0,0.0,0.0,0.0,0.0,0.0,0.0,999,0.0,0.0,0.0,0.0,0.0,0.0,0.0,0.0,0.0,0.0,0.0,0.0
147GLY,144,0.0,0.0,0.0,0.0,0.0,False,0.0,0.0,0.0,0.0,0.0,0.0,0.0,0.0,0.0,999,0.0,0.0,0.0,0.0,0.0,0.0,0.0,0.0,0.0,0.0,0.0,0.0
148GLN,145,0.0,0.0,0.0,0.0,0.0,False,0.0,0.0,0.0,0.0,0.0,0.0,0.0,0.0,0.0,999,0.0,0.0,0.0,0.0,0.0,0.0,0.0,0.0,0.0,0.0,0.0,0.0
149PRO,146,0.0,0.0,0.0,0.0,0.0,False,0.0,0.0,0.0,0.0,0.0,0.0,0.0,0.0,0.0,999,0.0,0.0,0.0,0.0,0.0,0.0,0.0,0.0,0.0,0.0,0.0,0.0
150LYS,147,0.0,0.0,0.0,0.0,0.0,False,0.0,0.0,0.0,0.0,0.0,0.0,0.0,0.0,0.0,999,0.0,0.0,0.0,0.0,0.0,0.0,0.0,0.0,0.0,0.0,0.0,0.0
151GLU,148,0.0,0.0,0.0,0.0,0.0,False,0.0,0.0,0.0,0.0,0.0,0.0,0.0,0.0,0.0,999,0.0,0.0,0.0,0.0,0.0,0.0,0.0,0.0,0.0,0.0,0.0,0.0
152GLY,149,0.0,0.0,0.0,0.0,0.0,False,0.0,0.0,0.0,0.0,0.0,0.0,0.0,0.0,0.0,999,0.0,0.0,0.0,0.0,0.0,0.0,0.0,0.0,0.0,0.0,0.0,0.0
153LYS,150,0.0,0.0,0.0,0.0,0.0,False,0.0,0.0,0.0,0.0,0.0,0.0,0.0,0.0,0.0,999,0.0,0.0,0.0,0.0,0.0,0.0,0.0,0.0,0.0,0.0,0.0,0.0
154ASN,151,0.0,0.0,0.0,0.0,0.0,False,0.0,0.0,0.0,0.0,0.0,0.0,0.0,0.0,0.0,999,0.0,0.0,0.0,0.0,0.0,0.0,0.0,0.0,0.0,0.0,0.0,0.0
155HIS,152,0.0,0.0,0.0,0.0,0.0,False,0.0,0.0,0.0,0.0,0.0,0.0,0.0,0.0,0.0,999,0.0,0.0,0.0,0.0,0.0,0.0,0.0,0.0,0.0,0.0,0.0,0.0
156SER,153,0.0,0.0,0.0,0.0,0.0,False,0.0,0.0,0.0,0.0,0.0,0.0,0.0,0.0,0.0,999,0.0,0.0,0.0,0.0,0.0,0.0,0.0,0.0,0.0,0.0,0.0,0.0
157GLN,154,0.0,0.0,0.0,0.0,0.0,False,0.0,0.0,0.0,0.0,0.0,0.0,0.0,0.0,0.0,999,0.0,0.0,0.0,0.0,0.0,0.0,0.0,0.0,0.0,0.0,0.0,0.0
158GLY,155,0.0,0.0,0.0,0.0,0.0,False,0.0,0.0,0.0,0.0,0.0,0.0,0.0,0.0,0.0,999,0.0,0.0,0.0,0.0,0.0,0.0,0.0,0.0,0.0,0.0,0.0,0.0
159CYS,156,0.0,0.0,0.0,0.0,0.0,False,0.0,0.0,0.0,0.0,0.0,0.0,0.0,0.0,0.0,999,0.0,0.0,0.0,0.0,0.0,0.0,0.0,0.0,0.0,0.0,0.0,0.0
160GLY,157,0.0,0.0,0.0,0.0,0.0,False,0.0,0.0,0.0,0.0,0.0,0.0,0.0,0.0,0.0,999,0.0,0.0,0.0,0.0,0.0,0.0,0.0,0.0,0.0,0.0,0.0,0.0
161GLU,158,0.0,0.0,0.0,0.0,0.0,False,0.0,0.0,0.0,0.0,0.0,0.0,0.0,0.0,0.0,999,0.0,0.0,0.0,0.0,0.0,0.0,0.0,0.0,0.0,0.0,0.0,0.0
162GLY,159,0.0,0.0,0.0,0.0,0.0,False,0.0,0.0,0.0,0.0,0.0,0.0,0.0,0.0,0.0,999,0.0,0.0,0.0,0.0,0.0,0.0,0.0,0.0,0.0,0.0,0.0,0.0
163GLN,160,0.0,0.0,0.0,0.0,0.0,False,0.0,0.0,0.0,0.0,0.0,0.0,0.0,0.0,0.0,999,0.0,0.0,0.0,0.0,0.0,0.0,0.0,0.0,0.0,0.0,0.0,0.0
164VAL,161,0.0,0.0,0.0,0.0,0.0,False,0.0,0.0,0.0,0.0,0.0,0.0,0.0,0.0,0.0,999,0.0,0.0,0.0,0.0,0.0,0.0,0.0,0.0,0.0,0.0,0.0,0.0
165ALA,162,0.0,0.0,0.0,0.0,0.0,False,0.0,0.0,0.0,0.0,0.0,0.0,0.0,0.0,0.0,999,0.0,0.0,0.0,0.0,0.0,0.0,0.0,0.0,0.0,0.0,0.0,0.0
166CYS,163,0.0,0.0,0.0,0.0,0.0,False,0.0,0.0,0.0,0.0,0.0,0.0,0.0,0.0,0.0,999,0.0,0.0,0.0,0.0,0.0,0.0,0.0,0.0,0.0,0.0,0.0,0.0
167LEU,164,0.0,0.0,0.0,0.0,0.0,False,0.0,0.0,0.0,0.0,0.0,0.0,0.0,0.0,0.0,999,0.0,0.0,0.0,0.0,0.0,0.0,0.0,0.0,0.0,0.0,0.0,0.0
168PHE,165,0.0,0.0,0.0,0.0,0.0,False,0.0,0.0,0.0,0.0,0.0,0.0,0.0,0.0,0.0,999,0.0,0.0,0.0,0.0,0.0,0.0,0.0,0.0,0.0,0.0,0.0,0.0
169GLU,166,0.0,0.0,0.0,0.0,0.0,False,0.0,0.0,0.0,0.0,0.0,0.0,0.0,0.0,0.0,999,0.0,0.0,0.0,0.0,0.0,0.0,0.0,0.0,0.0,0.0,0.0,0.0
170ASP,167,0.0,0.0,0.0,0.0,0.0,False,0.0,0.0,0.0,0.0,0.0,0.0,0.0,0.0,0.0,999,0.0,0.0,0.0,0.0,0.0,0.0,0.0,0.0,0.0,0.0,0.0,0.0
171VAL,168,0.0,0.0,0.0,0.0,0.0,False,0.0,0.0,0.0,0.0,0.0,0.0,0.0,0.0,0.0,999,0.0,0.0,0.0,0.0,0.0,0.0,0.0,0.0,0.0,0.0,0.0,0.0
172VAL,169,0.0,0.0,0.0,0.0,0.0,False,0.0,0.0,0.0,0.0,0.0,0.0,0.0,0.0,0.0,999,0.0,0.0,0.0,0.0,0.0,0.0,0.0,0.0,0.0,0.0,0.0,0.0
173PRO,170,0.0,0.0,0.0,0.0,0.0,False,0.0,0.0,0.0,0.0,0.0,0.0,0.0,0.0,0.0,999,0.0,0.0,0.0,0.0,0.0,0.0,0.0,0.0,0.0,0.0,0.0,0.0
174MET,171,0.0,0.0,0.0,0.0,0.0,False,0.0,0.0,0.0,0.0,0.0,0.0,0.0,0.0,0.0,999,0.0,0.0,0.0,0.0,0.0,0.0,0.0,0.0,0.0,0.0,0.0,0.0
175ASN,172,0.0,0.0,0.0,0.0,0.0,False,0.0,0.0,0.0,0.0,0.0,0.0,0.0,0.0,0.0,999,0.0,0.0,0.0,0.0,0.0,0.0,0.0,0.0,0.0,0.0,0.0,0.0
176TYR,173,0.0,0.0,0.0,0.0,0.0,False,0.0,0.0,0.0,0.0,0.0,0.0,0.0,0.0,0.0,999,0.0,0.0,0.0,0.0,0.0,0.0,0.0,0.0,0.0,0.0,0.0,0.0
177MET,174,0.0,0.0,0.0,0.0,0.0,False,0.0,0.0,0.0,0.0,0.0,0.0,0.0,0.0,0.0,999,0.0,0.0,0.0,0.0,0.0,0.0,0.0,0.0,0.0,0.0,0.0,0.0
178VAL,175,0.0,0.0,0.0,0.0,0.0,False,0.0,0.0,0.0,0.0,0.0,0.0,0.0,0.0,0.0,999,0.0,0.0,0.0,0.0,0.0,0.0,0.0,0.0,0.0,0.0,0.0,0.0
179TYR,176,0.0,0.0,0.0,0.0,0.0,False,0.0,0.0,0.0,0.0,0.0,0.0,0.0,0.0,0.0,999,0.0,0.0,0.0,0.0,0.0,0.0,0.0,0.0,0.0,0.0,0.0,0.0
180PHE,177,0.0,0.0,0.0,0.0,0.0,False,0.0,0.0,0.0,0.0,0.0,0.0,0.0,0.0,0.0,999,0.0,0.0,0.0,0.0,0.0,0.0,0.0,0.0,0.0,0.0,0.0,0.0
181ASN,178,0.0,0.0,0.0,0.0,0.0,False,0.0,0.0,0.0,0.0,0.0,0.0,0.0,0.0,0.0,999,0.0,0.0,0.0,0.0,0.0,0.0,0.0,0.0,0.0,0.0,0.0,0.0
182PHE,179,0.0,0.0,0.0,0.0,0.0,False,0.0,0.0,0.0,0.0,0.0,0.0,0.0,0.0,0.0,999,0.0,0.0,0.0,0.0,0.0,0.0,0.0,0.0,0.0,0.0,0.0,0.0
183PHE,180,0.0,0.0,0.0,0.0,0.0,False,0.0,0.0,0.0,0.0,0.0,0.0,0.0,0.0,0.0,999,0.0,0.0,0.0,0.0,0.0,0.0,0.0,0.0,0.0,0.0,0.0,0.0
184ALA,181,0.0,0.0,0.0,0.0,0.0,False,0.0,0.0,0.0,0.0,0.0,0.0,0.0,0.0,0.0,999,0.0,0.0,0.0,0.0,0.0,0.0,0.0,0.0,0.0,0.0,0.0,0.0
185CYS,182,0.0,0.0,0.0,0.0,0.0,False,0.0,0.0,0.0,0.0,0.0,0.0,0.0,0.0,0.0,999,0.0,0.0,0.0,0.0,0.0,0.0,0.0,0.0,0.0,0.0,0.0,0.0
186VAL,183,0.0,0.0,0.0,0.0,0.0,False,0.0,0.0,0.0,0.0,0.0,0.0,0.0,0.0,0.0,999,0.0,0.0,0.0,0.0,0.0,0.0,0.0,0.0,0.0,0.0,0.0,0.0
187LEU,184,0.0,0.0,0.0,0.0,0.0,False,0.0,0.0,0.0,0.0,0.0,0.0,0.0,0.0,0.0,999,0.0,0.0,0.0,0.0,0.0,0.0,0.0,0.0,0.0,0.0,0.0,0.0
188VAL,185,0.0,0.0,0.0,0.0,0.0,False,0.0,0.0,0.0,0.0,0.0,0.0,0.0,0.0,0.0,999,0.0,0.0,0.0,0.0,0.0,0.0,0.0,0.0,0.0,0.0,0.0,0.0
189PRO,186,0.0,0.0,0.0,0.0,0.0,False,0.0,0.0,0.0,0.0,0.0,0.0,0.0,0.0,0.0,999,0.0,0.0,0.0,0.0,0.0,0.0,0.0,0.0,0.0,0.0,0.0,0.0
190LEU,187,0.0,0.0,0.0,0.0,0.0,False,0.0,0.0,0.0,0.0,0.0,0.0,0.0,0.0,0.0,999,0.0,0.0,0.0,0.0,0.0,0.0,0.0,0.0,0.0,0.0,0.0,0.0
191LEU,188,0.0,0.0,0.0,0.0,0.0,False,0.0,0.0,0.0,0.0,0.0,0.0,0.0,0.0,0.0,999,0.0,0.0,0.0,0.0,0.0,0.0,0.0,0.0,0.0,0.0,0.0,0.0
192LEU,189,0.004497045191171457,0.012720261997743171,0.0,0.0,0.0,False,0.0,0.0,0.0,0.0,0.0,0.0,0.0,0.1111111111111111,0.3142696805273545,999,0.0,0.0,0.0,0.0,0.0,0.0,0.0,0.0,0.0,0.0,0.0,0.0
193MET,190,0.0,0.0,0.0,0.0,0.0,False,0.0,0.0,0.0,0.0,0.0,0.0,0.0,0.0,0.0,999,0.0,0.0,0.0,0.0,0.0,0.0,0.0,0.0,0.0,0.0,0.0,0.0
194LEU,191,0.06504420309033102,0.07704208597563689,0.0,0.0,0.0,False,0.0,0.0,0.0,0.0,0.0,0.0,0.0,0.7111111111111111,0.4532461789860253,999,0.0,0.0,0.0,0.0,0.0,0.0,0.0,0.0,0.0,0.0,0.0,0.0
195GLY,192,0.6152813365791088,0.44579946757727407,0.0,0.0,0.0,False,0.0,0.0,0.0,0.0,0.0,0.0,0.0,1.0014814814814814,0.00982703641586785,999,0.0,0.0,0.0,0.0,0.0,0.0,0.0,0.0,0.0,0.0,0.0,0.0
196VAL,193,3.3863225189093864,1.4356125764969219,0.0,0.0,0.0,False,0.0,0.0,0.0,0.0,0.0,0.0,0.0,1.0020650414431453,0.004855796960273647,999,0.0,0.0,0.0,0.0,0.0,0.0,0.0,0.0,0.0,0.0,0.0,0.0
197TYR,194,11.079252237633439,1.7459421711496386,0.04857142857142858,0.0615580031766954,0.06324794238494001,False,0.997660557511146,15.810791028011536,0.10572255424464647,0.6918090629648891,12.522383401831704,0.4126754813612559,0.9977546583984779,1.183034108079274,0.048220512596513956,999,0.0,0.0,0.0,0.0,0.0,0.0,0.0,0.0,0.0,0.0,0.0,0.0
198LEU,195,30.36485899769472,3.6044786691901063,0.0,0.0,0.0,False,0.0,0.0,0.0,0.0,0.0,0.0,0.0,1.1003891212124557,0.018664866827799127,999,0.0,0.0,0.0,0.0,0.0,0.0,0.0,0.0,0.0,0.0,0.0,0.0
199ARG,196,99.17446285912851,0.4462979328002953,0.27570281910728267,0.798550109991517,8.80270716115658,False,0.9976589115700151,0.11360141621121597,8.281115566135469,0.2515684591045312,0.12993955553786965,0.30243430577107644,0.997502651718835,1.74371940045948,0.1325524165983276,2,1.4952728545324856,0.668774262148069,0.33411922637100383,99.99200319872052,3.812045619125075,0.9227771980538693,8.035560873112567,0.34610029416158544,0.1742078822549071,0.9518430875707045,0.9877272174805066,7.717250823974609
200ILE,197,55.92277364406702,3.335183738164912,0.04469387755102042,0.040081653435299486,0.09859151965593863,False,0.999331496008342,10.142860192131803,0.12450449626167345,1.8245369518645678,19.440982931374382,0.372438996107904,0.9989526624127218,1.1728705040354903,0.02556972850958749,999,0.0,0.0,0.0,0.0,0.0,0.0,0.0,0.0,0.0,0.0,0.0,0.0
201PHE,198,91.23475900903975,1.6378273932907959,0.20029076490996203,0.22128392760325508,0.27967433995467733,False,0.999963396648416,3.5755872353611533,0.2729558593438048,0.12984446849895,3.731663286879816,0.14166799821941714,0.9997617412149914,1.8294435600479981,0.055059536674450765,5,0.8320395503211669,1.2018659444902593,0.48084711069122965,100.0,4.195949175522682,0.9965699953317527,1.1618229621102905,0.10349767690798456,0.8719677462310162,0.1258245678111328,0.9994896458846547,5.301504135131836
202LEU,199,99.4630727427058,0.2521471367277165,0.2013024085637824,0.23151326730448735,0.8249609152140325,False,0.9999104971668383,1.212178639688105,0.765637403441845,0.24535736713987238,1.40424418186086,0.3003147123729284,0.9999111617539933,2.486931397890188,0.06246752412482143,2,1.4952728545324856,0.668774262148069,0.33411922637100383,99.99200319872052,3.812045619125075,0.9227771980538693,8.035560873112567,0.34610029416158544,0.1742078822549071,0.9518430875707045,0.9877272174805066,7.717250823974609
203ALA,200,99.00462644626178,0.3797281803110301,0.4930354309888948,0.700671762213873,3.1616245577992887,False,0.9997509952054583,0.316293089744998,2.7624783892706275,0.5199858839953525,0.5210073622588746,0.7030415710003063,0.9990467536253226,1.9697732073293388,0.07504664629452686,2,1.4952728545324856,0.668774262148069,0.33411922637100383,99.99200319872052,3.812045619125075,0.9227771980538693,8.035560873112567,0.34610029416158544,0.1742078822549071,0.9518430875707045,0.9877272174805066,7.717250823974609
204ALA,201,99.1661216650291,0.24790312626614477,0.23608398950131237,0.2190995489916304,0.8650482149837445,False,0.9999832479610571,1.1560049286024958,0.6530969773194053,0.9256138280236588,2.781595895322753,0.5530352594517883,0.9999120129099529,2.410717664661259,0.03819034353761723,5,0.8320395503211669,1.2018659444902593,0.48084711069122965,100.0,4.195949175522682,0.9965699953317527,1.1618229621102905,0.10349767690798456,0.8719677462310162,0.1258245678111328,0.9994896458846547,5.301504135131836
205ARG,202,99.9991114665245,0.0058938643038000125,0.36003762510346904,0.5868947518161516,0.9315802415412274,False,0.9998222089404145,1.0734448364271632,0.9463148602828408,0.14413822908696966,1.080989613075087,0.15865139466568443,0.9995046926334753,3.2874510389368887,0.06947749017989506,5,0.8320395503211669,1.2018659444902593,0.48084711069122965,100.0,4.195949175522682,0.9965699953317527,1.1618229621102905,0.10349767690798456,0.8719677462310162,0.1258245678111328,0.9994896458846547,5.301504135131836
206ARG,203,99.98219307861424,0.04661267083639239,0.37743124811121187,0.8204464737701254,4.819498210317632,False,0.9967844835490968,0.20749048061874772,4.698168884305156,0.6441317156934091,0.3639497039500047,0.7864464152489841,0.9962635682123538,3.039661890153817,0.13812939662953574,2,1.4952728545324856,0.668774262148069,0.33411922637100383,99.99200319872052,3.812045619125075,0.9227771980538693,8.035560873112567,0.34610029416158544,0.1742078822549071,0.9518430875707045,0.9877272174805066,7.717250823974609
207GLN,204,99.87428175744525,0.1249692879180089,0.40980220300840936,0.8516483637109086,5.706938307270784,False,0.9947219331875932,0.1752253040349104,5.326540381118152,0.4762289631766643,0.29898349747896746,0.8484267416717935,0.9801767410972377,2.482210723653402,0.10144584392610893,2,1.4952728545324856,0.668774262148069,0.33411922637100383,99.99200319872052,3.812045619125075,0.9227771980538693,8.035560873112567,0.34610029416158544,0.1742078822549071,0.9518430875707045,0.9877272174805066,7.717250823974609
208LEU,205,98.56168398953488,0.576561361944461,0.7584659293613986,1.1576882563970896,8.75332837186917,False,0.9994080915056747,0.11424225820360283,7.701013614862482,0.41385994907216617,0.22523543741636304,1.2017439742060603,0.9987763942317327,1.4951658289365362,0.10380461917288629,2,1.4952728545324856,0.668774262148069,0.33411922637100383,99.99200319872052,3.812045619125075,0.9227771980538693,8.035560873112567,0.34610029416158544,0.1742078822549071,0.9518430875707045,0.9877272174805066,7.717250823974609
209LYS,206,96.6336239881852,1.6030402176995298,0.2501687763713081,0.5354052893231552,0.7178584542317253,False,0.9838252986713018,1.3930322810925608,2.0207869029213326,0.6360295882218855,0.6907227184363256,0.5316922601587056,0.9941999627606004,1.6308895119079843,0.150264059805657,2,1.4952728545324856,0.668774262148069,0.33411922637100383,99.99200319872052,3.812045619125075,0.9227771980538693,8.035560873112567,0.34610029416158544,0.1742078822549071,0.9518430875707045,0.9877272174805066,7.717250823974609
210GLN,207,93.1318464952747,2.4209850056160223,0.17337190742218675,0.29407633162113817,0.31723984055017895,False,0.9735748410442134,3.152189202546981,0.9554116072063547,0.11750555194668427,1.0628575358090147,0.13138440934968337,0.9993285686433847,1.5167118438530938,0.1558876440629366,3,4.621453958382414,0.21638211891869993,0.23829958677685947,97.38432493179798,1.9451575619798283,0.9937218705959353,3.161849035568917,0.6017044021688495,0.5277462494755523,0.9008821768789712,0.9855951883471399,4.115687370300293
211MET,208,61.34615467924985,4.589582367248108,0.056821192052980134,0.07506027771339005,0.06959259728450723,False,0.9789187793368881,14.369344427709999,0.1706285317887321,0.2793956844672631,6.710249742582403,0.47833955603707445,0.9984136449113221,1.158396624400877,0.05109865859850412,3,4.621453958382414,0.21638211891869993,0.23829958677685947,97.38432493179798,1.9451575619798283,0.9937218705959353,3.161849035568917,0.6017044021688495,0.5277462494755523,0.9008821768789712,0.9855951883471399,4.115687370300293
212GLU,209,46.881779134757984,6.183259230824177,0.075202492211838,0.08799978472796932,0.13605764498085599,False,0.9998390610905868,7.34982587814676,0.11642079634813514,0.22778993322794094,8.979950143225965,0.19573420658485985,0.9973458794855912,1.1277599972445882,0.025694332983527274,6,0.25067182392257464,3.98927962605351,0.08452742123687283,70.5983486291779,1.3824734780977244,0.9997028120660858,0.20942992509599062,0.2103389200398043,4.974768769274325,0.20146839949799838,0.9997554936072195,3.0755398273468018
213SER,210,29.65027761052069,2.470116917150867,0.042849315068493155,0.04229824674396163,0.054354907033254234,False,0.99987751748714,18.397602987126845,0.0520096168783337,0.2707430098476549,20.487978724556854,0.23289158683031363,0.9986089301850332,1.1754162057074973,0.027476235716000018,6,0.25067182392257464,3.98927962605351,0.08452742123687283,70.5983486291779,1.3824734780977244,0.9997028120660858,0.20942992509599062,0.2103389200398043,4.974768769274325,0.20146839949799838,0.9997554936072195,3.0755398273468018
214GLN,211,6.831088499366109,1.3512870192991213,0.07090909090909091,0.11034464749359928,0.2406645818218904,False,0.999669878457992,4.155160649023436,0.24438611982515673,0.30306462942468615,4.526917476619027,0.3314007248957059,0.9990000264094775,1.1565061644365806,0.08178156597130337,6,0.25067182392257464,3.98927962605351,0.08452742123687283,70.5983486291779,1.3824734780977244,0.9997028120660858,0.20942992509599062,0.2103389200398043,4.974768769274325,0.20146839949799838,0.9997554936072195,3.0755398273468018
215PRO,212,16.869433014681157,1.8861192602448378,0.053906810035842294,0.06491355092281086,0.1084808781472492,False,0.9996709212597279,9.218214463959495,0.10390871886211192,0.1778183077302358,9.966600024491965,0.1975370050449643,0.9994237189065001,1.2016244173407418,0.048245654909165055,6,0.25067182392257464,3.98927962605351,0.08452742123687283,70.5983486291779,1.3824734780977244,0.9997028120660858,0.20942992509599062,0.2103389200398043,4.974768769274325,0.20146839949799838,0.9997554936072195,3.0755398273468018
216LEU,213,5.2647337637772305,0.6065331108416039,0.0013333333333333333,0.00498887651569859,0.0008579494763914949,False,1.0,1165.569800457207,0.0008579494763914948,1.2637133098391998e-16,1165.5698004572073,1.950751257917306e-16,1.0,1.1051818215075428,0.03159981955610034,7,0.02359733748193625,42.37766234285963,0.023384615384615386,27.318080610359775,1.1305431101552157,0.999686698549252,0.03523167541532567,0.8448448141944204,37.15844534434878,0.30540398229359345,0.9993203036600447,2.3685293197631836
217PRO,214,9.720595011462752,1.874998476351088,0.008333333333333333,0.01818118685772619,0.11446337783451098,False,0.9977536872482445,8.736418747363732,0.04368618099796382,0.8401050434324074,34.19359826203906,0.5161259264043615,0.9976260985930819,1.0321612739120505,0.014212838985944803,7,0.02359733748193625,42.37766234285963,0.023384615384615386,27.318080610359775,1.1305431101552157,0.999686698549252,0.03523167541532567,0.8448448141944204,37.15844534434878,0.30540398229359345,0.9993203036600447,2.3685293197631836
218GLY,215,16.839386372473996,1.4306560445970944,0.020000000000000004,0.01913378412429842,0.021351740231194224,False,0.9996091801474315,46.834590022738816,0.0315256678025168,0.7952963425122965,44.41014214806721,0.41614304189085466,0.9994248300842772,1.0729671657911013,0.012642677879623207,7,0.02359733748193625,42.37766234285963,0.023384615384615386,27.318080610359775,1.1305431101552157,0.999686698549252,0.03523167541532567,0.8448448141944204,37.15844534434878,0.30540398229359345,0.9993203036600447,2.3685293197631836
219GLU,216,96.96053107837967,0.6633972425758539,0.11681229418221735,0.12104930413294587,0.2998686797224511,False,0.9999825454370916,3.3347930865122963,0.25751364927831344,0.25465309247578183,4.254767774006561,0.3710127710198722,0.9997312613747933,2.1085379410910723,0.053364332756141164,5,0.8320395503211669,1.2018659444902593,0.48084711069122965,100.0,4.195949175522682,0.9965699953317527,1.1618229621102905,0.10349767690798456,0.8719677462310162,0.1258245678111328,0.9994896458846547,5.301504135131836
220ARG,217,99.95793078570738,0.07924237710687052,0.2887438508972494,0.397500585639201,0.42555587215351365,False,0.9973081772009644,2.3498677034804567,0.6720643337325425,0.2412898538273885,1.5894835207296523,0.2724467095814656,0.9994311619943366,2.653252301235193,0.06107531910133381,5,0.8320395503211669,1.2018659444902593,0.48084711069122965,100.0,4.195949175522682,0.9965699953317527,1.1618229621102905,0.10349767690798456,0.8719677462310162,0.1258245678111328,0.9994896458846547,5.301504135131836
221ALA,218,85.8779614315931,1.5197884532286725,0.11918968692449358,0.11730273957295298,0.3303402303821923,False,0.9999651196890625,3.027182002152854,0.29065835975096344,0.3657292234483589,4.230109117249896,0.5428646193340367,0.9997617620126356,1.4234302686670406,0.028436423116528657,5,0.8320395503211669,1.2018659444902593,0.48084711069122965,100.0,4.195949175522682,0.9965699953317527,1.1618229621102905,0.10349767690798456,0.8719677462310162,0.1258245678111328,0.9994896458846547,5.301504135131836
222ARG,219,99.99020800583162,0.024095571488923516,0.36419503658924596,0.6344831593946239,0.9202155704082664,False,0.99983905896613,1.0867018904671828,0.9626947893886421,0.08990551216117777,1.046826753057341,0.08638824312612527,0.9998046381241071,2.436882337387105,0.038699223702980644,8,4.561427727444316,0.2192296052359645,0.4503851901846406,100.0,4.984421224030448,0.9994006753690172,3.8143087355184404,0.20230621461862236,0.2758510200895339,0.24938535417327715,0.9918064528936688,11.702164649963379
223SER,220,98.46945812998068,0.4061323100738094,0.392316715542522,0.5331820928426261,0.6703852756576878,False,0.9999348538274552,1.491679540573054,0.6566457489072656,0.07711294752932957,1.5323252896895272,0.08016106836910175,0.9997282991930444,1.7345112046873519,0.03280974734965902,8,4.561427727444316,0.2192296052359645,0.4503851901846406,100.0,4.984421224030448,0.9994006753690172,3.8143087355184404,0.20230621461862236,0.2758510200895339,0.24938535417327715,0.9918064528936688,11.702164649963379
224THR,221,83.16895409658794,1.9844957817545645,0.015217391304347825,0.04739928133902007,0.12716624867250498,False,0.9967642335081082,7.863721784978731,0.12325392916563307,0.2972426478909499,8.902147160217776,0.3060486482219447,0.9931678818497005,1.1075660623946315,0.018137016002670325,999,0.0,0.0,0.0,0.0,0.0,0.0,0.0,0.0,0.0,0.0,0.0,0.0
225LEU,222,96.90194224681039,0.5954956136114613,0.16414591777649104,0.15082386224512478,0.3240536369494513,False,0.9999514853248106,3.085908892779959,0.29204653852436,0.47477664980962914,4.344153899909477,0.46475914928474005,0.9997906810918415,2.0039606070614706,0.0366534324420902,5,0.8320395503211669,1.2018659444902593,0.48084711069122965,100.0,4.195949175522682,0.9965699953317527,1.1618229621102905,0.10349767690798456,0.8719677462310162,0.1258245678111328,0.9994896458846547,5.301504135131836
226GLN,223,99.92777502535411,0.10731291435283787,0.6243848288621647,1.2447679274697545,2.422845895423029,False,0.9993521986881222,0.41273776507580967,2.5167254931060543,0.19487253039484465,0.4117186222970797,0.18705798827096926,0.9980856421841111,2.003416139835633,0.03712807939524455,8,4.561427727444316,0.2192296052359645,0.4503851901846406,100.0,4.984421224030448,0.9994006753690172,3.8143087355184404,0.20230621461862236,0.2758510200895339,0.24938535417327715,0.9918064528936688,11.702164649963379
227LYS,224,99.50394528257875,0.2674278238660911,0.3171464887194153,0.8684455068630658,1.931417515200974,False,0.9995544470442835,0.5177544431121848,1.8913469588955045,0.07389868476319666,0.5316902807173791,0.075729881145162,0.9989204749032335,1.7415753634544182,0.03981692934528354,8,4.561427727444316,0.2192296052359645,0.4503851901846406,100.0,4.984421224030448,0.9994006753690172,3.8143087355184404,0.20230621461862236,0.2758510200895339,0.24938535417327715,0.9918064528936688,11.702164649963379
228GLU,225,62.60776345883062,2.424540998133941,0.1630434782608696,0.1925556900271055,0.19464084258645453,False,0.997470709217043,5.1376678538361,0.25296585449951403,0.1847594908476098,4.100222134199406,0.19557342797103022,0.9982548125106577,1.0331586948461688,0.006613847210045954,999,0.0,0.0,0.0,0.0,0.0,0.0,0.0,0.0,0.0,0.0,0.0,0.0
229VAL,226,93.55669274064707,0.8233158722466505,0.15946188340807177,0.17414925079255933,0.3993240531888929,False,0.9997697310213925,2.5042318187804438,0.33333333005574006,0.4332611408590817,3.6349551480877076,0.42793334135451405,0.9984151277388881,1.282917635472799,0.04391629768239952,5,0.8320395503211669,1.2018659444902593,0.48084711069122965,100.0,4.195949175522682,0.9965699953317527,1.1618229621102905,0.10349767690798456,0.8719677462310162,0.1258245678111328,0.9994896458846547,5.301504135131836
230HIS,227,99.98397014556524,0.02587813090466308,0.6984558103076622,1.6157418721231451,3.70105321796898,False,0.9995307055559647,0.2701933587836297,3.788064741072013,0.09940209634597301,0.2665498622518625,0.09738932905208558,0.9993719735517352,2.2216175285100523,0.03992356508882918,8,4.561427727444316,0.2192296052359645,0.4503851901846406,100.0,4.984421224030448,0.9994006753690172,3.8143087355184404,0.20230621461862236,0.2758510200895339,0.24938535417327715,0.9918064528936688,11.702164649963379
231ALA,228,35.69641330647576,2.9098840878923715,0.36619217081850536,0.41595247479852443,0.4643569070480683,False,0.9998971330026765,2.1535159374650674,0.5082348477004572,0.32363524680249006,2.1116869168931216,0.22134919102697695,0.9991150055077632,1.0372833456361803,0.010517642826202737,8,4.561427727444316,0.2192296052359645,0.4503851901846406,100.0,4.984421224030448,0.9994006753690172,3.8143087355184404,0.20230621461862236,0.2758510200895339,0.24938535417327715,0.9918064528936688,11.702164649963379
232ALA,229,23.236476115388196,4.139666732308433,0.0,0.0,0.0,False,0.0,0.0,0.0,0.0,0.0,0.0,0.0,1.0338529803207295,0.009677467136479417,999,0.0,0.0,0.0,0.0,0.0,0.0,0.0,0.0,0.0,0.0,0.0,0.0
233LYS,230,99.87604069845837,0.15946940513396204,0.5815914742451154,1.5680829071263436,3.6942509116121163,False,0.9996539985247698,0.27069087182375895,3.3885184867686697,0.07257961960710631,0.29672502028394,0.07495764853856031,0.997276803494994,1.8711623842165561,0.04516877939696865,8,4.561427727444316,0.2192296052359645,0.4503851901846406,100.0,4.984421224030448,0.9994006753690172,3.8143087355184404,0.20230621461862236,0.2758510200895339,0.24938535417327715,0.9918064528936688,11.702164649963379
234SER,231,93.2317443393013,1.7718924352390484,0.40616352201257866,0.4658428788367985,0.647618103963747,False,0.9999355193352364,1.5441198970187824,0.6946303640990136,0.2233177098088845,1.516779750302516,0.23124397261153146,0.9999361832887634,1.3182880371152277,0.01804634572248741,8,4.561427727444316,0.2192296052359645,0.4503851901846406,100.0,4.984421224030448,0.9994006753690172,3.8143087355184404,0.20230621461862236,0.2758510200895339,0.24938535417327715,0.9918064528936688,11.702164649963379
235LEU,232,17.057298210413464,3.8168179442170405,0.0,0.0,0.0,False,0.0,0.0,0.0,0.0,0.0,0.0,0.0,1.0,0.0,999,0.0,0.0,0.0,0.0,0.0,0.0,0.0,0.0,0.0,0.0,0.0,0.0
236ALA,233,23.113514465468178,4.604187010114427,0.0,0.0,0.0,False,0.0,0.0,0.0,0.0,0.0,0.0,0.0,1.028301464746131,0.011537734821191675,999,0.0,0.0,0.0,0.0,0.0,0.0,0.0,0.0,0.0,0.0,0.0,0.0
237ILE,234,39.543504416991986,5.5372327331923925,0.0013333333333333333,0.006531972647421809,0.02563443622103879,False,0.9946936923064156,39.010025084120095,0.016255756041247196,0.8250631228454846,490.17458871941926,1.1251300719688246,0.9935258061132306,1.0155631383156962,0.005350782991527407,999,0.0,0.0,0.0,0.0,0.0,0.0,0.0,0.0,0.0,0.0,0.0,0.0
238ILE,235,0.17939276984251404,0.09639564290429353,0.0,0.0,0.0,False,0.0,0.0,0.0,0.0,0.0,0.0,0.0,1.0,0.0,999,0.0,0.0,0.0,0.0,0.0,0.0,0.0,0.0,0.0,0.0,0.0,0.0
239VAL,236,0.0,0.0,0.0,0.0,0.0,False,0.0,0.0,0.0,0.0,0.0,0.0,0.0,0.0,0.0,999,0.0,0.0,0.0,0.0,0.0,0.0,0.0,0.0,0.0,0.0,0.0,0.0
240GLY,237,0.001777066950997379,0.008239920472251725,0.0,0.0,0.0,False,0.0,0.0,0.0,0.0,0.0,0.0,0.0,0.044444444444444446,0.20608041101101562,999,0.0,0.0,0.0,0.0,0.0,0.0,0.0,0.0,0.0,0.0,0.0,0.0
241LEU,238,0.0026656004264960687,0.01305872180612117,0.0,0.0,0.0,False,0.0,0.0,0.0,0.0,0.0,0.0,0.0,0.044444444444444446,0.20608041101101565,999,0.0,0.0,0.0,0.0,0.0,0.0,0.0,0.0,0.0,0.0,0.0,0.0
242PHE,239,0.0,0.0,0.0,0.0,0.0,False,0.0,0.0,0.0,0.0,0.0,0.0,0.0,0.0,0.0,999,0.0,0.0,0.0,0.0,0.0,0.0,0.0,0.0,0.0,0.0,0.0,0.0
243ALA,240,0.0,0.0,0.0,0.0,0.0,False,0.0,0.0,0.0,0.0,0.0,0.0,0.0,0.0,0.0,999,0.0,0.0,0.0,0.0,0.0,0.0,0.0,0.0,0.0,0.0,0.0,0.0
244LEU,241,0.0,0.0,0.0,0.0,0.0,False,0.0,0.0,0.0,0.0,0.0,0.0,0.0,0.0,0.0,999,0.0,0.0,0.0,0.0,0.0,0.0,0.0,0.0,0.0,0.0,0.0,0.0
245CYS,242,0.0,0.0,0.0,0.0,0.0,False,0.0,0.0,0.0,0.0,0.0,0.0,0.0,0.0,0.0,999,0.0,0.0,0.0,0.0,0.0,0.0,0.0,0.0,0.0,0.0,0.0,0.0
246TRP,243,0.0,0.0,0.0,0.0,0.0,False,0.0,0.0,0.0,0.0,0.0,0.0,0.0,0.0,0.0,999,0.0,0.0,0.0,0.0,0.0,0.0,0.0,0.0,0.0,0.0,0.0,0.0
247LEU,244,0.0,0.0,0.0,0.0,0.0,False,0.0,0.0,0.0,0.0,0.0,0.0,0.0,0.0,0.0,999,0.0,0.0,0.0,0.0,0.0,0.0,0.0,0.0,0.0,0.0,0.0,0.0
248PRO,245,0.0,0.0,0.0,0.0,0.0,False,0.0,0.0,0.0,0.0,0.0,0.0,0.0,0.0,0.0,999,0.0,0.0,0.0,0.0,0.0,0.0,0.0,0.0,0.0,0.0,0.0,0.0
249LEU,246,0.0,0.0,0.0,0.0,0.0,False,0.0,0.0,0.0,0.0,0.0,0.0,0.0,0.0,0.0,999,0.0,0.0,0.0,0.0,0.0,0.0,0.0,0.0,0.0,0.0,0.0,0.0
250HIS,247,0.0,0.0,0.0,0.0,0.0,False,0.0,0.0,0.0,0.0,0.0,0.0,0.0,0.0,0.0,999,0.0,0.0,0.0,0.0,0.0,0.0,0.0,0.0,0.0,0.0,0.0,0.0
251ILE,248,0.0,0.0,0.0,0.0,0.0,False,0.0,0.0,0.0,0.0,0.0,0.0,0.0,0.0,0.0,999,0.0,0.0,0.0,0.0,0.0,0.0,0.0,0.0,0.0,0.0,0.0,0.0
252ILE,249,0.0,0.0,0.0,0.0,0.0,False,0.0,0.0,0.0,0.0,0.0,0.0,0.0,0.0,0.0,999,0.0,0.0,0.0,0.0,0.0,0.0,0.0,0.0,0.0,0.0,0.0,0.0
253ASN,250,0.0,0.0,0.0,0.0,0.0,False,0.0,0.0,0.0,0.0,0.0,0.0,0.0,0.0,0.0,999,0.0,0.0,0.0,0.0,0.0,0.0,0.0,0.0,0.0,0.0,0.0,0.0
254CYS,251,0.0,0.0,0.0,0.0,0.0,False,0.0,0.0,0.0,0.0,0.0,0.0,0.0,0.0,0.0,999,0.0,0.0,0.0,0.0,0.0,0.0,0.0,0.0,0.0,0.0,0.0,0.0
255PHE,252,0.0,0.0,0.0,0.0,0.0,False,0.0,0.0,0.0,0.0,0.0,0.0,0.0,0.0,0.0,999,0.0,0.0,0.0,0.0,0.0,0.0,0.0,0.0,0.0,0.0,0.0,0.0
256THR,253,0.0,0.0,0.0,0.0,0.0,False,0.0,0.0,0.0,0.0,0.0,0.0,0.0,0.0,0.0,999,0.0,0.0,0.0,0.0,0.0,0.0,0.0,0.0,0.0,0.0,0.0,0.0
257PHE,254,0.0,0.0,0.0,0.0,0.0,False,0.0,0.0,0.0,0.0,0.0,0.0,0.0,0.0,0.0,999,0.0,0.0,0.0,0.0,0.0,0.0,0.0,0.0,0.0,0.0,0.0,0.0
258PHE,255,0.0,0.0,0.0,0.0,0.0,False,0.0,0.0,0.0,0.0,0.0,0.0,0.0,0.0,0.0,999,0.0,0.0,0.0,0.0,0.0,0.0,0.0,0.0,0.0,0.0,0.0,0.0
259CYS,256,0.0,0.0,0.0,0.0,0.0,False,0.0,0.0,0.0,0.0,0.0,0.0,0.0,0.0,0.0,999,0.0,0.0,0.0,0.0,0.0,0.0,0.0,0.0,0.0,0.0,0.0,0.0
260PRO,257,0.0,0.0,0.0,0.0,0.0,False,0.0,0.0,0.0,0.0,0.0,0.0,0.0,0.0,0.0,999,0.0,0.0,0.0,0.0,0.0,0.0,0.0,0.0,0.0,0.0,0.0,0.0
261ASP,258,0.0,0.0,0.0,0.0,0.0,False,0.0,0.0,0.0,0.0,0.0,0.0,0.0,0.0,0.0,999,0.0,0.0,0.0,0.0,0.0,0.0,0.0,0.0,0.0,0.0,0.0,0.0
262CYS,259,0.0,0.0,0.0,0.0,0.0,False,0.0,0.0,0.0,0.0,0.0,0.0,0.0,0.0,0.0,999,0.0,0.0,0.0,0.0,0.0,0.0,0.0,0.0,0.0,0.0,0.0,0.0
263SER,260,0.0,0.0,0.0,0.0,0.0,False,0.0,0.0,0.0,0.0,0.0,0.0,0.0,0.0,0.0,999,0.0,0.0,0.0,0.0,0.0,0.0,0.0,0.0,0.0,0.0,0.0,0.0
264HIS,261,0.0,0.0,0.0,0.0,0.0,False,0.0,0.0,0.0,0.0,0.0,0.0,0.0,0.0,0.0,999,0.0,0.0,0.0,0.0,0.0,0.0,0.0,0.0,0.0,0.0,0.0,0.0
265ALA,262,0.0,0.0,0.0,0.0,0.0,False,0.0,0.0,0.0,0.0,0.0,0.0,0.0,0.0,0.0,999,0.0,0.0,0.0,0.0,0.0,0.0,0.0,0.0,0.0,0.0,0.0,0.0
266PRO,263,0.0,0.0,0.0,0.0,0.0,False,0.0,0.0,0.0,0.0,0.0,0.0,0.0,0.0,0.0,999,0.0,0.0,0.0,0.0,0.0,0.0,0.0,0.0,0.0,0.0,0.0,0.0
267LEU,264,0.0,0.0,0.0,0.0,0.0,False,0.0,0.0,0.0,0.0,0.0,0.0,0.0,0.0,0.0,999,0.0,0.0,0.0,0.0,0.0,0.0,0.0,0.0,0.0,0.0,0.0,0.0
268TRP,265,0.0,0.0,0.0,0.0,0.0,False,0.0,0.0,0.0,0.0,0.0,0.0,0.0,0.0,0.0,999,0.0,0.0,0.0,0.0,0.0,0.0,0.0,0.0,0.0,0.0,0.0,0.0
269LEU,266,0.0,0.0,0.0,0.0,0.0,False,0.0,0.0,0.0,0.0,0.0,0.0,0.0,0.0,0.0,999,0.0,0.0,0.0,0.0,0.0,0.0,0.0,0.0,0.0,0.0,0.0,0.0
270MET,267,0.0,0.0,0.0,0.0,0.0,False,0.0,0.0,0.0,0.0,0.0,0.0,0.0,0.0,0.0,999,0.0,0.0,0.0,0.0,0.0,0.0,0.0,0.0,0.0,0.0,0.0,0.0
271TYR,268,0.0,0.0,0.0,0.0,0.0,False,0.0,0.0,0.0,0.0,0.0,0.0,0.0,0.0,0.0,999,0.0,0.0,0.0,0.0,0.0,0.0,0.0,0.0,0.0,0.0,0.0,0.0
272LEU,269,0.0,0.0,0.0,0.0,0.0,False,0.0,0.0,0.0,0.0,0.0,0.0,0.0,0.0,0.0,999,0.0,0.0,0.0,0.0,0.0,0.0,0.0,0.0,0.0,0.0,0.0,0.0
273ALA,270,0.0,0.0,0.0,0.0,0.0,False,0.0,0.0,0.0,0.0,0.0,0.0,0.0,0.0,0.0,999,0.0,0.0,0.0,0.0,0.0,0.0,0.0,0.0,0.0,0.0,0.0,0.0
274ILE,271,0.0,0.0,0.0,0.0,0.0,False,0.0,0.0,0.0,0.0,0.0,0.0,0.0,0.0,0.0,999,0.0,0.0,0.0,0.0,0.0,0.0,0.0,0.0,0.0,0.0,0.0,0.0
275VAL,272,0.0,0.0,0.0,0.0,0.0,False,0.0,0.0,0.0,0.0,0.0,0.0,0.0,0.0,0.0,999,0.0,0.0,0.0,0.0,0.0,0.0,0.0,0.0,0.0,0.0,0.0,0.0
276LEU,273,0.0,0.0,0.0,0.0,0.0,False,0.0,0.0,0.0,0.0,0.0,0.0,0.0,0.0,0.0,999,0.0,0.0,0.0,0.0,0.0,0.0,0.0,0.0,0.0,0.0,0.0,0.0
277SER,274,0.0,0.0,0.0,0.0,0.0,False,0.0,0.0,0.0,0.0,0.0,0.0,0.0,0.0,0.0,999,0.0,0.0,0.0,0.0,0.0,0.0,0.0,0.0,0.0,0.0,0.0,0.0
278HIS,275,0.0,0.0,0.0,0.0,0.0,False,0.0,0.0,0.0,0.0,0.0,0.0,0.0,0.0,0.0,999,0.0,0.0,0.0,0.0,0.0,0.0,0.0,0.0,0.0,0.0,0.0,0.0
279THR,276,0.0,0.0,0.0,0.0,0.0,False,0.0,0.0,0.0,0.0,0.0,0.0,0.0,0.0,0.0,999,0.0,0.0,0.0,0.0,0.0,0.0,0.0,0.0,0.0,0.0,0.0,0.0
280ASN,277,0.0,0.0,0.0,0.0,0.0,False,0.0,0.0,0.0,0.0,0.0,0.0,0.0,0.0,0.0,999,0.0,0.0,0.0,0.0,0.0,0.0,0.0,0.0,0.0,0.0,0.0,0.0
281SER,278,0.0,0.0,0.0,0.0,0.0,False,0.0,0.0,0.0,0.0,0.0,0.0,0.0,0.0,0.0,999,0.0,0.0,0.0,0.0,0.0,0.0,0.0,0.0,0.0,0.0,0.0,0.0
282VAL,279,0.0,0.0,0.0,0.0,0.0,False,0.0,0.0,0.0,0.0,0.0,0.0,0.0,0.0,0.0,999,0.0,0.0,0.0,0.0,0.0,0.0,0.0,0.0,0.0,0.0,0.0,0.0
283VAL,280,0.004442667377493448,0.01256576091672749,0.0,0.0,0.0,False,0.0,0.0,0.0,0.0,0.0,0.0,0.0,0.1111111111111111,0.3142696805273545,999,0.0,0.0,0.0,0.0,0.0,0.0,0.0,0.0,0.0,0.0,0.0,0.0
284ASN,281,0.0,0.0,0.0,0.0,0.0,False,0.0,0.0,0.0,0.0,0.0,0.0,0.0,0.0,0.0,999,0.0,0.0,0.0,0.0,0.0,0.0,0.0,0.0,0.0,0.0,0.0,0.0
285PRO,282,0.522003447589639,0.27293943909218094,0.0,0.0,0.0,False,0.0,0.0,0.0,0.0,0.0,0.0,0.0,1.0,0.0,999,0.0,0.0,0.0,0.0,0.0,0.0,0.0,0.0,0.0,0.0,0.0,0.0
286PHE,283,55.865052319885315,5.516646029377628,0.06920781893004116,0.08124665248296313,0.1497525408803684,False,0.999624327753659,6.677683023748237,0.13206298932376,0.5613993984166641,9.391396641499295,0.383751295510585,0.9965093828578782,1.2568017070364985,0.04163734419472209,9,1.3347347304510842,0.7492125417775277,0.3178573281452659,99.03487283630454,1.9719816175377503,0.9999793155628282,0.923475860535467,0.45721962839515284,1.483367384385045,0.6279663724843393,0.9997148290738345,1.8530608415603638
287ILE,284,47.90212116794337,4.705016723519216,0.0,0.0,0.0,False,0.0,0.0,0.0,0.0,0.0,0.0,0.0,1.1569945629478136,0.02924633023909288,999,0.0,0.0,0.0,0.0,0.0,0.0,0.0,0.0,0.0,0.0,0.0,0.0
288TYR,285,60.63710641587692,3.157107268828531,0.0,0.0,0.0,False,0.0,0.0,0.0,0.0,0.0,0.0,0.0,1.0581150520861908,0.012359710510467388,999,0.0,0.0,0.0,0.0,0.0,0.0,0.0,0.0,0.0,0.0,0.0,0.0
289ALA,286,95.49133390752678,1.1152200079483352,0.26054054054054054,0.2944935460658342,0.9043728696610136,False,0.9999767868678585,1.1057386101982807,0.7799622932365147,0.3268479510083378,1.5227451887816341,0.5167726786920296,0.9995368447308326,1.3389218901645157,0.042904241782680756,9,1.3347347304510842,0.7492125417775277,0.3178573281452659,99.03487283630454,1.9719816175377503,0.9999793155628282,0.923475860535467,0.45721962839515284,1.483367384385045,0.6279663724843393,0.9997148290738345,1.8530608415603638
290TYR,287,99.95013336974472,0.050694039360331226,0.4043663443950875,0.764124663097518,1.5986929897853472,False,0.9992781780334188,0.6255109682655627,1.3440608236380442,0.20990515192341874,0.7765374788858025,0.2016005690939824,0.9989008541284028,2.30621727924973,0.12808509122889952,8,4.561427727444316,0.2192296052359645,0.4503851901846406,100.0,4.984421224030448,0.9994006753690172,3.8143087355184404,0.20230621461862236,0.2758510200895339,0.24938535417327715,0.9918064528936688,11.702164649963379
291ARG,288,99.99555733262251,0.012565760916729236,0.5306120144534778,1.2279519252674465,2.831915505879811,False,0.9997878437022524,0.35311788007930806,2.745955574336646,0.13320709455833746,0.37206896031778325,0.16132119018292043,0.9987516786755496,2.5008945583893465,0.08428993569460817,8,4.561427727444316,0.2192296052359645,0.4503851901846406,100.0,4.984421224030448,0.9994006753690172,3.8143087355184404,0.20230621461862236,0.2758510200895339,0.24938535417327715,0.9918064528936688,11.702164649963379
292ILE,289,99.07511060583248,0.23349567795173096,0.34830414542230104,0.3928080241120353,1.3309547398437789,False,0.9999646408681105,0.7513403499486205,0.8846867250805353,0.5479009278317384,1.6028774581229435,0.5756058376397177,0.9994328730407076,1.658560388214466,0.03847373708888507,8,4.561427727444316,0.2192296052359645,0.4503851901846406,100.0,4.984421224030448,0.9994006753690172,3.8143087355184404,0.20230621461862236,0.2758510200895339,0.24938535417327715,0.9918064528936688,11.702164649963379
293ARG,290,99.99287360625812,0.01532631128326628,0.2439316144738298,0.5304492000648878,1.123723306812905,False,0.9991040150567985,0.8898987801865494,1.1037999140942745,0.13602151022224002,0.9246666492182278,0.15105749659456738,0.997558673033445,2.3112512044065343,0.057918327976792805,8,4.561427727444316,0.2192296052359645,0.4503851901846406,100.0,4.984421224030448,0.9994006753690172,3.8143087355184404,0.20230621461862236,0.2758510200895339,0.24938535417327715,0.9918064528936688,11.702164649963379
294GLU,291,94.011384430316,0.9880965656224048,0.1575197889182058,0.20435152987299365,0.36664510806101325,False,0.9997980300963505,2.7274330899666346,0.33085481043407844,0.24010214040477573,3.1883905309736087,0.2179130910894308,0.9997281640402044,1.5063351646078011,0.04547664178249806,999,0.0,0.0,0.0,0.0,0.0,0.0,0.0,0.0,0.0,0.0,0.0,0.0
295PHE,292,81.78204578361775,1.1894333472246363,0.0,0.0,0.0,False,0.0,0.0,0.0,0.0,0.0,0.0,0.0,1.191448789116746,0.02171036524017537,999,0.0,0.0,0.0,0.0,0.0,0.0,0.0,0.0,0.0,0.0,0.0,0.0
296ARG,293,99.98308161208973,0.03215787636994808,0.41609030168050204,0.8622132939529372,3.0683502119235624,False,0.9992240434037146,0.32590803882621194,2.7694775625797723,0.4330180714790468,0.47056033633489863,0.5621889489115048,0.9943438611189839,2.257972952710834,0.08761350739401003,8,4.561427727444316,0.2192296052359645,0.4503851901846406,100.0,4.984421224030448,0.9994006753690172,3.8143087355184404,0.20230621461862236,0.2758510200895339,0.24938535417327715,0.9918064528936688,11.702164649963379
297GLN,294,99.76992457017829,0.1254564718444399,0.2784284906726964,0.45246626640490356,1.7151137071197187,False,0.9991123773767357,0.5830517217889611,1.4464145678437381,0.5486628693107025,1.0392811987593995,0.6454854758439196,0.9947773243360487,2.1010426916659166,0.062239650533147256,10,10.198895422759422,0.09804983368771901,0.25954166308367016,99.97863894471223,3.303248265781231,0.9943465737067235,6.280883880041315,0.6260340772740435,0.3522234795570095,1.1346241893858113,0.9810710791414973,6.948328018188477
298THR,295,86.18212880766366,1.6806212777167475,0.05024038461538463,0.06298610884587473,0.12470263627640513,False,0.9999570355973066,8.019076659963195,0.11702527766836898,0.38758915178167924,10.055331763910083,0.4336472500210327,0.9986967744223965,1.333363312940301,0.03582616102393787,999,0.0,0.0,0.0,0.0,0.0,0.0,0.0,0.0,0.0,0.0,0.0,0.0
299PHE,296,93.27633197140476,1.1949318859025508,0.1640582959641256,0.18644932518427162,0.49018246227213474,False,0.9999694808632127,2.0400566665823097,0.47723581823606287,0.42240862767565823,2.748683996151387,0.6251250417668103,0.9996639565969133,1.4559789716023999,0.046099253724433936,9,1.3347347304510842,0.7492125417775277,0.3178573281452659,99.03487283630454,1.9719816175377503,0.9999793155628282,0.923475860535467,0.45721962839515284,1.483367384385045,0.6279663724843393,0.9997148290738345,1.8530608415603638
300ARG,297,99.68206851173127,0.26484785028731467,0.28098378020523007,0.6603733900617377,4.827360407261318,False,0.9976445049464602,0.20715254624365723,5.584524582609299,0.4726739868703327,0.29263616607204257,1.108951964801377,0.992516129756155,2.261514488402831,0.0782557796422713,10,10.198895422759422,0.09804983368771901,0.25954166308367016,99.97863894471223,3.303248265781231,0.9943465737067235,6.280883880041315,0.6260340772740435,0.3522234795570095,1.1346241893858113,0.9810710791414973,6.948328018188477
301LYS,298,97.67518243167396,0.8161401237393153,0.1214260828252435,0.1872409956563365,0.4526001497344684,False,0.9988529357037355,2.2094557427492685,0.45045821660397733,0.27154276362489344,2.465117743520934,0.39035023354104254,0.9974718076567687,1.7876988301646732,0.08003212263322904,10,10.198895422759422,0.09804983368771901,0.25954166308367016,99.97863894471223,3.303248265781231,0.9943465737067235,6.280883880041315,0.6260340772740435,0.3522234795570095,1.1346241893858113,0.9810710791414973,6.948328018188477
302ILE,299,74.47223966390597,2.3499641468172494,0.053217821782178217,0.058229165561495384,0.2855428560503609,False,0.9997372489380133,3.5021012741556072,0.1940172891995086,0.5559978057436801,8.700892687332146,0.753903077930626,0.9971874839039474,1.2690855194453534,0.03444175882290678,999,0.0,0.0,0.0,0.0,0.0,0.0,0.0,0.0,0.0,0.0,0.0,0.0
303ILE,300,90.6753077362826,1.924017821585537,0.14971428571428572,0.21081046094256956,0.5497989604410747,False,0.999955801354793,1.8188466547804178,0.49547080213595995,0.30695846584877046,2.3149955122730934,0.4308023799621253,0.9928103037902153,1.459078710168993,0.06759748941078042,10,10.198895422759422,0.09804983368771901,0.25954166308367016,99.97863894471223,3.303248265781231,0.9943465737067235,6.280883880041315,0.6260340772740435,0.3522234795570095,1.1346241893858113,0.9810710791414973,6.948328018188477
304ARG,301,98.20483792520437,0.9712976878709603,0.15805734704549418,0.378943111848237,4.369331974961919,False,0.994176666339271,0.2288679381036767,3.244867324301656,0.5814422445998175,0.7204095491792313,1.22307701800578,0.9791705086933211,1.9648358351576651,0.11220832238408386,10,10.198895422759422,0.09804983368771901,0.25954166308367016,99.97863894471223,3.303248265781231,0.9943465737067235,6.280883880041315,0.6260340772740435,0.3522234795570095,1.1346241893858113,0.9810710791414973,6.948328018188477
305SER,302,92.50974726841663,1.7951213436362654,0.10615846338535416,0.14527387342092607,0.522433753609084,False,0.9996460685892774,1.9141182840729305,0.5100742471855523,0.1538859015429333,2.000494634969577,0.13174646659153336,0.9996432374061129,1.6863088107952535,0.09192685838024525,10,10.198895422759422,0.09804983368771901,0.25954166308367016,99.97863894471223,3.303248265781231,0.9943465737067235,6.280883880041315,0.6260340772740435,0.3522234795570095,1.1346241893858113,0.9810710791414973,6.948328018188477
